restaurant_code,menu_name,price,description
0,회전초밥,,
0,장어초밥,,
1,프레지에 1호 홀케이크,50000,
1,프레지에,10500,
1,페르디셔 압펠,6000,
1,루이보스 스트로베리 크림,6000,
1,바바리안 민트,6000,
1,아메리카노,4500,
1,마카롱,2500,
1,[패스오더전용] 100원 아메리카노,100,"패스오더 앱 설치하면, 최소 주문 금액 없이 100원에 커피 주문+1,500원 쿠폰까지"
1,카페라떼,5000,
1,카푸치노,5000,
1,카페모카,5000,
1,바닐라라떼,5500,
1,임페리얼 얼그레이,6000,
2,한제소곱창전골(소),32000,
2,한제소곱창전골 중,42000,곱이 꽉꽉 차있는 소곱창과 깐양을 넣고 배추 버섯등을 듬뿍 넣은 맛있는 소곱창전골입니다
2,한제소곱창전골 대,52000,곱이 꽉 차있는 소곱창과 깐양을 넣고 배추 버섯등을 푸짐하게 넣어 국물이 진하고 맛있습니다
2,한제소고기전골 소,32000,사태를 넣고 배추 버섯등을 듬뿍 넣어 담백하고 깔끔합니다
2,한제소고기전골 중,42000,사태를 넣고 배추 버섯등을 듬뿍 넣어 담백하고 깔끔합니다
2,한제소고기전골 대,52000,사태를 넣고 배추 버섯등을 듬뿍 넣어 담백하고 깔끔합니다
2,소곱창튀김,15000,어디에서도 맛볼 수 없던 소곱창튀김입니다 한제의 다양한 소스에 찍어먹으면 꿀맛 !!
2,한우수제떡갈비,15000,수제로 만든 아이 어른 누구나 좋아하는 떡갈비
2,도가니수육,22000,남녀노소 모두가 좋아하는 건강식!
2,한제수육,22000,사태로 만든 술안주 끝판왕 수육
3,에스프레소,2800,
3,아메리카노,2800,
3,밀크티,5800,
3,민트초코라떼,5000,
3,얼그레이,4800,
3,페퍼민트,4800,
3,캐모마일,4800,
3,수제레몬청,5800,
3,민트초코 프라푸치노,5500,
3,피스타치오 아몬드 프라푸치노,5500,
3,레몬에이드,5900,
3,자몽에이드,5900,
3,라떼,3300,
3,수제 스트로베리 크럼블,6200,
3,수제 당근케이크,6500,
3,수제 치즈케이크,6000,
3,수제 바스크치즈케이크,7000,
3,수제 브라우니,7000,
3,복숭아 아이스티,4500,
3,빅토리아 케이크,7000,
3,딸기크림,3500,
3,피넛크림,3500,
3,얼그레이크림,3500,
3,바닐라라떼,3500,
3,대파크림치즈,3500,
3,누텔라크림,3700,
3,카스테라크림,3700,
3,카페라뗴,5000,
3,카푸치노,5000,
3,모카라떼,5300,
3,크림커피,5500,
3,초코 마들렌,3000,
3,레몬 마들렌,2500,
3,말차 마카다미아 쿠키,3800,
3,초코 쿠키,3500,
3,피스타치오크림,3700,
3,오리지널치즈 [ P ] 4조각,9700,토마토 소스 위에 모짜렐라 치즈
3,페퍼로니 [ P ] 4조각,10700,"토마토 소스,모짜렐라 치즈,페퍼로니"
3,더블페퍼로니 [ P ] 4조각,12800,"토마토 소스,모짜렐라 치즈,페퍼로니"
3,무화과잼고르곤졸라 [ P ] 4조각,11800,"무화과 잼,모짜렐라,고르곤졸라 치즈"
3,통베이컨하와이안 [ P ] 4조각,12800,"토마토 소스,모짜렐라 치즈,통 슬라이스 파인과 통 베이컨"
3,모카 라떼,3800,
3,치즈프라이피자 [ P ] 4조각,12500,"토마토 소스,모짜렐라 치즈,갓 튀김감자,달콤한 시럽,나초 소스,갈릭 디핑 소스,시즈닝,파슬리"
3,크리스콤보 [ P ] 4조각,13700,"토마토소스,모짜렐라 치즈,페퍼로니,구운 파프리카,양파,통옥수수,양송이,올리브,피망,수제 민찌,할라피뇨,미트 햄"
3,마스카포네바질 [ P ] 4조각,12800,"토마토 소스,모짜렐라 치즈,홈메이드 바질 페스토,마스카포네 치즈,그라나파다노"
3,갈릭디핑새우 [ P ] 4조각,13700,"토마토 소스,모짜렐라 치즈,통 새우,통 옥수수,수제 민찌,오크라,구운 파프리카,양파,피망,갈릭디핑 소스,미트햄"
3,라구루꼴라 [ P ] 4조각,13700,"토마토 소스,모짜렐라 치즈,양파,홈메이드 라구 루꼴라,그라나파다노,피망"
3,레귤러 하프앤하프,17700,
3,오리지널치즈 [ R ] 6조각,16700,토마토 소스 위에 모짜렐라 치즈
3,페퍼로니 [ R ] 6조각,17700,"토마토 소스,모짜렐라 치즈,페퍼로니"
3,더블페퍼로니 [ R ] 6조각,18700,"토마토 소스,모짜렐라 치즈,페퍼로니"
3,무화과잼고르곤졸라 [ R ] 6조각,18700,"무화과 잼,모짜렐라,고르곤졸라 치즈"
3,통베이컨하와이안 [ R ] 6조각,19700,"토마토 소스,모짜렐라 치즈,통 슬라이스 파인과 통 베이컨"
3,치즈프라이 [ R ] 6조각,19900,"토마토 소스,모짜렐라 치즈,갓 튀김감자,달콤한 시럽,나초 소스,갈릭 디핑 소스,시즈닝,파슬리"
3,크리스콤보 [ R ] 6조각,21700,"토마토소스,모짜렐라 치즈,페퍼로니,구운 파프리카,양파,통옥수수,양송이,올리브,피망,수제 민찌,할라피뇨,미트 햄"
3,마스카포네바질 [ R ] 6조각,21700,"토마토 소스,모짜렐라 치즈,홈메이드 바질 페스토,마스카포네 치즈,그라나파다노"
3,라구루꼴라 [ R ] 6조각,22700,"토마토 소스,모짜렐라 치즈,양파,홈메이드 라구 루꼴라,그라나파다노,피망"
3,갈릭디핑새우 [ R ] 6조각,23700,"토마토 소스,모짜렐라 치즈,통 새우,통 옥수수,수제 민찌,오크라,구운 파프리카,양파,피망,갈릭디핑 소스,미트햄"
3,한국피자 [ R ] 6조각,22700,"토마토 소스, 모짜렐라 치즈, 피망, 적양파, 수제 불고기, 볶음김치"
3,한국피자 [ P ] 4조각,13700,"토마토 소스, 모짜렐라 치즈, 피망, 적양파, 수제 불고기, 볶음김치"
3,라지 하프앤하프,22700,
3,오리지널치즈 [ L ] 8조각,21700,토마토 소스 위에 모짜렐라 치즈
3,초코라떼,5000,
3,페퍼로니 [ L ] 8조각,22700,
3,더블페퍼로니 [ L ] 8조각,25700,"토마토 소스,모짜렐라 치즈,페퍼로니"
3,무화과잼고르곤졸라 [ L ] 8조각,24700,"무화과 잼,모짜렐라,고르곤졸라 치즈"
3,통베이컨하와이안 [ L ] 8조각,25700,"토마토 소스,모짜렐라 치즈,통 슬라이스 파인과 통 베이컨"
3,치즈프라이피자 [ L ] 8조각,26700,"토마토 소스,모짜렐라 치즈,갓 튀김감자,달콤한 시럽,나초 소스,갈릭 디핑 소스,시즈닝,파슬리"
3,크리스콤보 [ L ] 8조각,26700,"토마토소스,모짜렐라 치즈,페퍼로니,구운 파프리카,양파,통옥수수,양송이,올리브,피망,수제 민찌,할라피뇨,미트 햄"
3,마스카포네바질피자 [ L ] 8조각,27700,"토마토 소스,모짜렐라 치즈,홈메이드 바질 페스토,마스카포네 치즈,그라나파다노"
3,라구루꼴라 [ L ] 8조각,28700,"토마토 소스,모짜렐라 치즈,양파,홈메이드 라구 루꼴라,그라나파다노,피망"
3,갈릭디핑새우 [ L ] 8조각,29700,"토마토 소스,모짜렐라 치즈,통 새우,통 옥수수,수제 민찌,오크라,구운 파프리카,양파,피망,갈릭디핑 소스,미트햄"
3,바질파스타,12700,"링귀니,홈메이드 바질 페스토,그라나파다노,레몬제스트,생 레몬"
3,녹차라떼,5000,
3,토마토파스타,12700,"스파게티니, 직접 끓인 토마토 소스, 그라파다노 치즈"
3,봉골레파스타,14700,"스파게티니,산지 직송 조개,엔초비,마늘,양파,페퍼론치노,생 파슬리,마늘쫑"
3,한국 피자 [L] 8조각,28700,"토마토 소스, 모짜렐라 치즈, 피망, 적양파, 수제 불고기, 볶음김치"
3,잠봉크림파스타,15700,"딸리아뗄레,크림,체다 치즈,파마산 치즈,통 베이컨,쪽파,잠봉,만가닥 버섯"
3,라구파스타,15700,"푸질리,홈메이드 라구 소스,마늘,그라나파다노,루꼴라"
3,치즈 케익,48000,8조각 홀 케익
3,브라우니 케익,56000,8조각 홀 케익
3,당근 케익,52000,8조각 홀 케익
3,바스크 치즈 케익,56000,8조각 홀 케익
3,우유,4200,
3,스트로베리 크럼블 케익,49600,8조각 홀 케익
3,시나몬 번,4800,
4,아귀찜 소,40000,
4,아귀찜 중,53000,
4,아귀찜 대,65000,
5,크림와플,3300,와플대학만의 10가지 크림 중 원하는 맛을 골라 즐기는 와플
5,애플시나몬와플,3900,"와플대학의 시그니처 메뉴로, 화이트크림에 사과잼과 시나몬 파우더를 더해 즐기는 와플"
5,토피토피넛 젤라또와플,7300,"고소한 아몬드와 호두가 바닐라 젤라또 속에 퐁당, 누텔라와 카라멜 시럽이 더해져 입안 가득 깊은 풍미가 번지는 와플"
5,스노우와플,3900,와플대학만의 10가지 크림에 화이트크림을 더해 즐기는 와플
5,메이플시나몬와플,3600,달콤한 메이플 시럽에 시나몬 파우더를 더해 향긋한 와플
5,추억의 사과잼 와플,4000,밀크크림에 사과잼을 더한 추억의 와플
5,추억의 딸기잼 와플,4000,밀크크림에 딸기잼을 더한 추억의 와플
5,해피 커스터드 바닐라빈와플,3300,바닐라 빈이 들어가 부드러운 커스타드 크림을 듬뿍 담은 와플
5,플레인와플,2700,토핑없이 담백하고 바삭한 기본 와플
5,해피 커스터드 코코넛와플,4300,"부드러운 커스터드 크림에 코코넛과 카라멜을 더해 이국적이고, 달콤한 풍미의 와플"
5,해피 커스터드 애플크림와플,5300,부드러운 커스터드 크림에 애플시나몬 필링을 더해 애플파이를 오마주한 와플
5,티라미수와플,5400,"와플로 만든 티라미수, 마스카포네치즈가 들어가 더 깊은 풍미로 즐기는 와플"
5,오레오누텔라와플,4700,화이트크림에 누텔라와 초코크런치를 더해 누구나 맛있게 즐길 수 있는 와플
5,치즈케이크&크랜베리와플,4900,밀크크림에 치즈케이크와 크랜베리를 더해 상큼한 맛의 와플
5,크런치딸기잼와플,4700,"화이트크림에 크런치 쿠키와 초코시럽, 딸기시럽을 더해 바삭하게 즐기는 와플"
5,호두고구마와플,4400,"화이트크림과 고구마무스, 호두로 식감까지 더한 든든하고 달콤한 와플"
5,팥스노우와플,4400,화이트크림에 팥앙금과 연유를 더해 달콤하게 즐기는 와플
5,허니브레드와플,3900,화이트크림에 카라멜소스와 시나몬파우더를 더해 달콤하게 즐기는 와플
5,와숫가루레드빈와플,3900,"팥앙금에 미숫가루를 더해 고소하고, 달콤하게 즐기는 와플"
5,베리베리케이크와플,5100,"와플로 만든 베리 케이크, 마스카포네 치즈에 블루베리와 크랜베리를 더해 새콤달콤하게 즐기는 와플"
5,모카케이크와플,5100,"와플로 만든 모카 케이크, 추억의 모카케이크에 크런치를 더해 바삭하게 즐기는 와플"
5,딸기케이크와플,6100,"와플로 만든 딸기 케이크, 화이트크림에 생딸기와 치즈케이크를 더해 진하게 즐기는 와플"
5,바나나와플,4800,"땅콩크림과 생바나나의 조화, 신선한 바나나의 맛을 즐길 수 있는 와플"
5,바나나누텔라와플,5000,화이트크림에 누텔라와 생바나나를 더해 누구나 맛있게 즐길 수 있는 와플
5,블루베리와플,4700,화이트크림에 블루베리를 더해 달콤하게 즐기는 와플
5,베리베리와플,4700,화이트크림에 블루베리와 크랜베리를 더해 상큼 달콤한 와플
5,딸기와플,5100,밀크크림에 생딸기를 더해 신선한 딸기의 맛을 즐길 수 있는 와플
5,딸기누텔라와플,5600,화이트크림에 누텔라와 생딸기를 더해 누구나 맛있게 즐기는 와플대학의 스테디셀러 와플
5,솜사탕 젤라또와플,6500,"솜사탕 젤라또에 톡톡 터지는 팝핑캔디를 더해 재미있게 즐기는 와플
(보냉백 무상 제공)"
5,해피 커스터드 누텔라 젤라또와플,6800,부드러운 커스터드 크림에 누텔라와 젤라또를 더해 시원하게 즐기는 와플
5,치즈케이크누텔라젤라또와플,7300,"젤라또 와플에 누텔라와 치즈케이크를 더해 더 진하고 달콤하게 즐기는 와플
(보냉백 무상 제공)"
5,오레오누텔라젤라또와플,7300,"젤라또 와플에 누텔라와 초코크런치를 더해 누구나 맛있게 즐길 수 있는 와플
(보냉백 무상 제공)"
5,베리베리젤라또와플,6800,"젤라또 와플에 블루베리와 크랜베리를 더해 상큼 달콤하게 즐기는 와플
(보냉백 무상 제공)"
5,블루베리젤라또와플,6800,"젤라또 와플에 블루베리를 더해 달콤하게 즐기는 와플
(보냉백 무상 제공)"
5,더티초코케이크와플,5100,"와플로 만든 초코 케이크, 마스카포네 치즈에 초코를 가득 담아 깊은 풍미로 즐기는 와플"
5,크런치딸기잼젤라또와플,6800,"젤라또에 크런치와 초코시럽, 딸기시럽을 더해 달콤하고 바삭하게 즐기는 와플
(보냉백 무상 제공)"
5,망고범벅젤라또와플,7100,"망고 젤라또에 망고 크림, 망고를 더해 망고의 풍미를 가득 즐길 수 있는 와플
(보냉백 무상 제공)"
5,블루베리범벅젤라또와플,7100,"블루베리 요거트 젤라또에 블루베리 크림과 블루베리를 더해 블루베리의 풍미를 가득 즐길 수 있는 와플
(보냉백 무상 제공)"
5,치즈범벅젤라또와플,7100,"치즈 젤라또에 치즈크림과 치즈 케이크를 더해 치즈의 풍미를 가득 즐길 수 있는 와플
(보냉백 무상 제공)"
5,싸만코젤라또와플,6700,"젤라또에 팥앙금과 연유를 더해 달콤하게 즐기는 와플
(보냉백 무상 제공)"
5,초코범벅젤라또와플,7100,"초코 젤라또에 초코 크림, 초코 시럽을 더해 초코의 달콤함을 가득 즐길 수 있는 와플
(보냉백 무상 제공)"
5,크림젤라또와플,6700,"젤라또 와플에 와플대학만의 10가지 크림을 더해 즐기는 와플
(보냉백 무상 제공)"
5,젤라또와플,5900,"바삭한 와플에 시원하고, 달콤한 젤라또를 더해 즐기는 와플
(보냉백 무상 제공)"
5,딸기누텔라젤라또와플,7300,"젤라또 와플에 누텔라와 생딸기를 더해 누구나 맛있게 즐기는 와플대학의 스테디셀러 와플
(보냉백 무상 제공)"
5,딸기범벅젤라또와플,7300,"생딸기에 딸기 젤라또, 딸기 크림을 더해 딸기의 풍미를 가득 즐길 수 있는 와플
(보냉백 무상 제공)"
5,두바이초코와플,10000,"진한 초코크림과 고소한 피스타치오, 바삭한 카다이프가 듬뿍 들어가 달콤하고 고급스러운 프리미엄 와플"
5,솜사탕 젤라또컵,5000,"솜사탕 젤라또에 톡톡 터지는 팝핑캔디를 더해 재미있게 즐기는 젤라또 컵
(보냉백 무상 제공)"
5,애플시나몬 젤라또컵,5000,"와플대학의 스테디셀러 애플 시나몬 와플을 시원하게 즐길 수 있는 젤라또 컵
(보냉백 무상 제공)"
5,젤라또컵,4800,"토핑 없이 와플대학만의 10가지 젤라또 본연의 맛을 즐길 수 있는 젤라또 컵
(보냉백 무상 제공)"
5,치즈케이크젤라또컵,6000,"와플대학만의 10가지 젤라또에 치즈케이크를 더해 진한 맛의 젤라또 컵
(보냉백 무상 제공)"
5,크런치딸기잼젤라또컵,5500,"와플대학만의 10가지 젤라또에 크런치와 초코시럽, 딸기시럽을 더해 바삭하게 즐기는 젤라또 컵
(보냉백 무상 제공)"
5,블루베리젤라또컵,5500,"와플대학만의 10가지 젤라또에 블루베리와 블루베리시럽을 더해 달콤하게 즐기는 젤라또 컵
(보냉백 무상 제공)"
5,베리베리젤라또컵,5500,"와플대학만의 10가지 젤라또에 크랜베리와 블루베리, 딸기시럽을 더해 상큼하게 즐기는 젤라또 컵
(보냉백 무상 제공)"
5,팥젤라또컵,5000,"와플대학만의 10가지 젤라또에 팥앙금과 연유, 미숫가루 파우더를 더해 고소하게 즐기는 젤라또 컵
(보냉백 무상 제공)"
5,오레오젤라또컵,5000,"와플대학만의 10가지 젤라또에 초코크런치와 초코시럽을 더해 달콤하게 즐기는 젤라또 컵
(보냉백 무상 제공)"
5,딸기젤라또컵,6500,"와플대학만의 10가지 젤라또에 생딸기와 딸기시럽을 더해 산뜻하게 즐기는 젤라또 컵
(보냉백 무상 제공)"
5,두바이초코 스노우와플,10400,"진한 초코크림과 고소한 피스타치오, 바삭한 카다이프가 듬뿍. 화이트크림을 더해 더욱 부드럽고 고급스러운 프리미엄 와플"
5,아메리카노,3500,와플대학만의 블랜딩으로 즐기는 아메리카노
5,카페라떼,4000,와플대학만의 블랜딩에 우유를 더해 부드럽게 즐기는 카페 라떼
5,카페모카,4500,와플대학만의 블랜딩에 초코를 더해 달콤하게 즐기는 카페 모카
5,카라멜라떼,4500,와플대학만의 블랜딩에 카라멜을 더해 달콤하게 즐기는 카라멜 라떼
5,바닐라라떼,4500,와플대학만의 블랜딩에 바닐라를 더해 달콤하게 즐기는 바닐라 라떼
5,하얀 연유라떼 (HOT/ICE),4500,"와플대학만의 블랜딩에 연유를 더해 부드럽고, 달콤하게 즐기는 하얀 연유 라떼"
5,디카페인 콜드브루,4500,디카페인으로 즐기는 와플대학만의 디카페인 콜드브루
5,디카페인 콜드브루 라떼,5000,디카페인으로 즐기는 와플대학만의 디카페인 콜드브루 카페 라떼
5,애플시나몬티,4100,와플대학의 스테디셀러 애플 시나몬 와플을 차로 즐길 수 있는 애플 시나몬 티
5,빨간 사과 유자차,4500,빨간 애플티를 더해 향긋함이 2배 빨간 사과 유자차
5,두바이초코 젤라또컵,8000,"초코젤라또와 피스타치오의 달콤한 조합, 바삭한 카다이프가 듬뿍 들어간 프리미엄 젤라또컵"
5,딸기 라떼(ICED ONLY),5000,국내산 논산 딸기를 사용해 더 달콤한 딸기 라떼
5,캐모마일,3500,부드럽고 은은한 캐모마일 차
5,고구마라떼,4300,고구마에 우유를 더해 달콤하고 든든한 고구마 라떼
5,로얄밀크티라떼,4300,"홍차에 우유를 더해 부드럽고, 풍부한 풍미를 즐길 수 있는 로얄 밀크티 라떼"
5,그린티라떼,4100,녹차에 우유를 더해 부드럽게 즐기는 그린티 라떼
5,리얼초코라떼,4100,초코에 우유를 더해 진한 초콜릿의 풍미를 즐길 수 있는 리얼 초코 라떼
5,유자차,3500,상큼 달콤한 유자차
5,자몽차,3500,달콤 쌉싸름한 자몽차
5,베이비치노(Hot Only),2300,어린이 손님을 위해 준비한 따뜻한 우유
5,(원액) 디카페인 콜드브루 300ml,12000,어디서든 간편하게 즐길 수 있는 와플대학의 디카페인 콜드브루
5,두바이초코 생딸기젤라또컵,8900,"초코젤라또와 피스타치오의 달콤한 조합, 상큼한 딸기와 바삭한 카다이프가 듬뿍 들어간 프리미엄 젤라또컵"
5,복숭아주스,4200,향긋하고 달콤한 복숭아 주스
5,자두에이드,3500,새콤 달콤한 자두를 시원하게 즐길 수 있는 자두 에이드
5,애플시나몬티에이드,4500,와플대학의 스테디셀러 애플 시나몬 와플을 에이드로 즐길 수 있는 애플 시나몬 티 에이드
5,와숫가루라떼(ICED ONLY),4100,"와플대학만의 미숫가루 파우더에 우유를 더해 달콤하고, 든든하게 즐길 수 있는 와숫가루 라떼"
5,디카페인프라페(ICED ONLY),6000,디카페인 콜드브루에 부드러운 연유를 더해 시원하게 즐길 수 있는 디카페인 프라페
5,딸기 에이드,4500,달콤한 딸기를 시원하게 즐길 수 있는 딸기 에이드
5,복숭아자두스무디,4700,복숭아에 자두를 더해 향긋 상큼한 복숭아 자두 스무디
5,딸기자두스무디,4700,딸기에 자두를 더해 상큼 달콤한 딸기 자두 스무디
5,플레인요거치노,4500,상큼 달콤한 요거트를 시원하게 즐기는 플레인 요거치노
5,블루베리요거치노,4700,상큼 달콤한 요거트에 블루베리를 더해 시원하게 즐기는 블루베리 요거치노
5,딸바누텔라 젤라또와플,8300,"딸기랑 바나나가 바닐라 젤라또 속에 퐁당, 누텔라와 풍부한 생과일이 만나 입안 가득 행복이 번지는 와플"
5,망고요거치노,4700,상큼 달콤한 요거트에 망고를 더해 시원하게 즐기는 망고 요거치노
5,복숭아요거치노,4700,상큼 달콤한 요거트에 복숭아를 더해 시원하게 즐기는 복숭아 요거치노
5,체리톡톡,4000,체리콕에 톡 톡 터지는 팝핑 캔디를 더해 재미를 더한 체리 톡톡
5,자두주스,4200,새콤달콤한 자두 주스
5,아쿠아레몬에이드,3500,레몬 에이드에 파란색을 더해 눈으로도 즐길 수 있는 상큼한 아쿠아 레몬 에이드
5,자몽에이드,3500,달콤 쌉싸름한 자몽을 시원하게 즐길 수 있는 자몽 에이드
5,청포도에이드,3500,달콤한 청포도를 시원하게 즐길 수 있는 청포도 에이드
5,복숭아에이드,3500,향긋한 복숭아를 시원하게 즐길 수 있는 복숭아 에이드
5,복숭아아이스티,3000,"남녀노소 누구나 사랑하는 달콤하고, 시원한 복숭아 아이스티"
6,숯불 무뼈닭발(맵기 중),18000,중급자용 맛있게 매운맛
6,통뼈 국물닭발(맵기 중),20000,"닭발 초급자용 매운맛
사리 추가시 +2,000원"
6,5. 아무거나 셋트(단품1+단품2+계란찜),33000,"(단품1+단품2+계란찜)
33,000원 부터~"
6,숯불 통뼈닭발(맵기 최상),18000,눈물나게 매운맛
6,똥집튀김,16000,안매움
6,국물떡볶이,16000,
6,대접 계란찜,6000,
6,녹두 빈대떡,9000,
6,김치말이 냉국수,6000,
6,날치알 주먹밥(한 대접),3000,
6,공기밥,1500,
6,무뼈닭발용 야채추가(1봉),500,
6,오돌뼈+날치알주먹밥+사각김,18000,오돌뼈+김가루주먹밥+싸먹는김
6,국물닭발용 콩나물추가(1봉),500,
6,자두맛 샤벳쿨피스(930ml)(930ml),3000,
6,"떡사리(국물닭발,닭도리탕,떡볶이)",2000,
6,"우동사리(국물닭발,닭도리탕,떡볶이)",2000,
6,"당면사리(국물닭발,닭도리탕,떡볶이)",2000,
6,"비엔나소세지 사리(국물닭발,닭도리탕,떡볶이)",2000,
6,"오뎅사리(국물닭발,닭도리탕,떡볶이)",2000,
6,사이다(PT 소),2000,
6,코카콜라(PT 소),2000,
6,닭도리탕,25000,"불맛나는 닭도리탕
사리추가시 +2,000원"
6,소금구이 볶음똥집,16000,불맛나는 환상적인 별미
6,무뼈 국물닭발(맵기 하),21000,"닭발 초급자용 매운맛
사리 추가시 +2,000원"
6,1. 숯불 통뼈닭발 셋트,37000,통닭발+오돌뼈+날치알주먹밥+사각김+계란찜
6,2. 숯불 무뼈닭발 셋트,37000,무뼈닭발+오돌뼈+날치알주먹밥+사각김+계란찜
6,3. 통뼈 국물닭발 셋트,39000,국물닭발+오돌뼈+날치알주먹밥+사각김+계란찜
6,4.무뼈 국물닭발 셋트,40000,무뼈국물닭발+오돌뼈+날치알주먹밥+사각김+계란찜
7,콩국수,11000,
7,검정콩국수,12000,
7,노란콩물 0.9L (포장),12000,
7,콩칼국수,11000,
7,검정콩칼국수,12000,
7,바지락칼국수,10000,
7,들깨수제비,10000,
7,만두,8000,
7,파전,,
7,검정콩물 0.9L (포장),13000,
7,검정콩물 1.5L (포장),18000,
8,콩나물국밥,6000,
8,김치콩나물국밥,7000,
8,제육비빔밥,8500,
8,강된장비빔밥,8500,
8,소불고기비빔밥,9000,
8,뚝배기불고기,9000,
8,고추장 제육볶음,9000,
8,육전,9000,
8,맛보기전,5000,
8,김치전,7000,
8,메밀부추전,7000,
8,녹두전,9000,
8,만두콩나물국밥,7000,
8,해물파전,17000,
8,모듬전,19000,
8,고추장찌개,20000,
8,편육,12000,
8,떡갈비,6000,
8,메밀전병,4000,
8,모듬만두,5000,
8,왕만두,6000,
8,만두김치콩나물국밥,7500,
8,황태콩나물국밥,7500,
8,굴국밥,8500,
8,해물순두부찌개,7500,
8,백합콩나물국밥,8500,
8,전주비빔밥,7500,
8,쭈꾸미비빔밥,8500,
9,등심 150g,44000,
9,한우주물럭 150g,44000,
9,영양갈비탕,9000,
9,돌솥비빔밥,9000,
9,산채비빔밥,9000,
9,마포소갈비5대,34000,
9,한우육회 180g,30000,
9,돼지갈비 250g,17000,
9,삼겹살 150g,17000,
9,목살소금구이150g,17000,
9,허브삼겹살150g,18000,
9,물냉면,9000,
9,비빔냉면,9000,
10,대방어 회 한상 (예약추천),53000,"대방어회 시작
기본
뚝배기오뎅탕,초밥용 밥,간장새우,회무침,샐러드,팥빙수가 제공됩니다."
10,대삼치 회 한상(예약추천),50000,"기본
뚝배기오뎅탕,초밥용 밥,간장새우,회무침,샐러드,팥빙수가 제공됩니다."
10,모듬 회덮밥,12000,
10,모리 특선 초밥 11p,16000,"초밥 주문시
기본 3찬 + 샐러드 +국물 제공됩니다."
10,모리 시그니쳐vip 초밥,21000,"초밥 주문시
기본 3찬 + 샐러드 +국물 제공됩니다."
10,물회,19000,
10,※※※그밖에 안주 및 사이드※,,
10,닭껍질교자,18000,
10,치킨 가라아게,18000,
10,가쓰오 김치 오뎅탕,19000,
10,가쓰오 오뎅탕,18000,
10,먹태구이,14000,
10,생선메뉴는 가격변동이 있을수 있습니다,,
10,뚝배기 김치어묵우동,9000,
10,치즈 불닭게티,9000,
10,치즈 짜파구리,9000,
10,철판김치볶음밥,6000,
10,모찌리도후,7000,
10,파인샤베트,6000,
10,모듬고로케,10000,6P
10,왕새우튀김,9000,3P
10,청어알젓(60g) 추가,3500,
10,준마이 북극곰의 눈물,38000,720ml
10,※※※메인 안주류※,,
10,간바레오토상 팩,32000,
10,하쿠쯔루 마루,32000,
10,센300,8000,
10,모리 하이볼,8000,
10,짐빔 하이볼,8000,
10,느린마을 늘봄 막걸리,8000,
10,서울의밤,16000,
10,일품진로 SET,32000,일품진로+토닉워터2개+레몬
10,화요25 SET,32000,화요25+토닉워터2개+레몬
10,서울의 밤 SET,17000,서울의밤+토닉워터 2개+레몬
10,※※※※※※※※※※※※,,
10,도원결의 SET,17000,도원결의+토닉워터2개+레몬
10,2+1 하이볼 SET,16000,
10,소주,5000,"후레쉬, 진로이즈백, 처음처럼, 새로"
10,새로살구,5000,
10,참이슬 오리지널,5500,
10,한라토닉 세트,11000,
10,한라산,7000,
10,병맥주,5000,"테라, 카스, 켈리"
10,청하,6000,
10,토닉워터,2500,
10,모듬숙성회 한상,45000,"기본으로
뚝배기오뎅탕,초밥용 밥,간장새우,회무침,샐러드,팥빙수가 제공됩니다."
10,대방어+참돔 반반 한상,55000,"기본으로
뚝배기오뎅탕,초밥용 밥,간장새우,회무침,샐러드,팥빙수가 제공됩니다."
10,대방어+대삼치 회 한상(예약추천),53000,"대방어회 시작
기본
뚝배기오뎅탕,초밥용 밥,간장새우,회무침,샐러드,팥빙수가 제공됩니다."
10,통삼겹 수육튀김,22000,
10,※※※초밥 및 식사류※,,
11,장어소금구이(1kg),64000,장어 구이 입니다.
11,장어추가(500g),33000,장어 추가 주문시 500g단위로 가능합니다.
11,갑오징어(구이/숙회),40000,구이 또는 숙회로 즐길 수 있는 갑오징어로 탱탱하여 맛이 아주 좋습니다.
11,가리비구이(계절메뉴),20000,계절 메뉴 가리비 구이로 탱탱한 가리비 구이를 맛보실 수 있습니다.
11,꼬장세트(꼬막비빔밥+미니장어탕),13000,밑반찬과 함께 든든히 즐길 수 있는 꼬막비빔밥과 장어탕입니다. 맛있게 즐겨주세요
11,장어탕,10000,장어로 맛있게 우려낸 장어탕입니다.
11,꼬막비빔밥,10000,꼬막이 풍부하고 새콤한 꼬막비빔밥입니다.
12,아뜨레국산팥빙수,13000,
12,아뜨레흑임자빙수,13000,
12,샤인머스켓요거트조각,7300,
12,통고구마조각,7300,
12,생딸기조각,7300,
12,얼그레이헤이즐넛갸또,7300,
12,블루베리치즈케이크,7300,
12,조각모둠케이크,,"매장에 있는 조각케이크 7개합쳐 원형.
레터링은 서비스입니다"
12,카페라떼,4300,
12,마시멜로핫초코,5000,
12,런던포그,5300,
12,딸기폭탄케이크,57000,"1호 57000
2호 63000
미리 주문주셔야 합니다"
12,아뜨레생딸기빙수,20000,계절메뉴
12,안녕딸기케이크,50000,"하루 전 미리 주문주셔야 가능합니다
계절메뉴
2호 52000
1호 50000"
12,생망고홀케이크,54000,"1호 54000
2호 56000
미리 주문주셔야합니다"
12,개인레터링케이크,,"원하시는 디자인 알려주시면 가능여부와 금액 알려드릴수있어요
미리 주문주셔야합니다"
12,인물케이크,52000,"2호 52000
사진주시면그려드리는인물케이크
미리 주문주셔야합니다"
12,계란한판케이크,53000,"1호 53000
2호 55000
미리 주문주셔야합니다"
12,왕관케이크,53000,"2호 53000
3호 63000
미리 주문주셔야합니다"
12,솔드아웃케이크,50000,"2호 5만
3호 6만
미리 주문주셔야합니다"
12,해리포터케이크,38000,"1호 38000
2호 40000
3호 50000"
12,축구공케이크,70000,"2호 70000
3호 80000
미리 주문주셔야합니다"
12,지하철케이크,50000,"2호 50000
3호 60000
꽃테두리
2호 63000
3호 73000"
12,홍시빙수,15000,1년 내내 홍시빙수
12,소주케이크,50000,"원형2호 5만
3호 6만
네모 소주케이크 7만
미리 주문주셔야합니다"
12,나이스샷케이크,70000,"2호 70000
3호 80000"
12,TNT케이크,70000,"2호 70000
3호 80000
미리 주문주셔야합니다"
12,인물꽃케이크,65000,"2호 65000
3호 75000
미리 주문주셔야합니다"
12,로또케이크,52000,"2호 52000
3호 62000
꽃 테두리
2호 65000
3호 75000"
12,생화케이크,70000,"기본7만부터~
꽃 싯가 변동에 따라 달라요
미리 주문주셔야합니다"
12,꽃다발케이크,70000,"2호 70000
3호 80000
미리 주문주셔야합니다"
12,환갑칠순팔순케이크,58000,"2호 58000
3호 68000
미리 주문주셔야합니다"
12,골드바케이크,70000,"2호 70000
3호 80000
미리 주문주셔야합니다"
12,달력케이크,50000,"2호 5만
3호 6만
미리 주문주셔야합니다"
12,생망고빙수,20000,계절메뉴
12,포토케이크,52000,"2호 52000
3호 62000
미리 주문주셔야합니다"
12,초미니도시락케이크,15000,"그림은 안그려드려요
당일케이크도 미리 주문해주셔야 픽업 가능합니다"
12,샤인머스켓빙수,20000,계절메뉴
12,생메론빙수,20000,계절메뉴
12,무화과빙수,20000,계절메뉴
12,블루베리가나슈조각,7300,
12,생망고조각케이크,7300,
13,수제튀김,4500,고구마 단호박 김말이 오징어 만두
13,떡볶이,4000,
13,참치김밥,4500,
13,치즈김밥,4500,
13,돈가스김밥,4500,
13,순대,4500,내장미포함
13,부산어묵,3000,
13,풀세트,16000,떡볶이+순대+튀김5+어묵+음료
13,떡튀순세트,13000,1인분 / 떡볶이+튀김5+음료
13,떡순어세트,11500,떡볶이+순대+어묵
13,모듬A세트,18500,떡볶이+모듬튀김+순대+어묵+음료수
13,모듬B세트,20000,떡볶이+모듬튀김+순대+유부주머니+음료수
13,야채김밥,3500,
14,원조한판,48000,"육즙목살 ,숙성 삼겹살 ,쫀득살(600g) 2~3인 세트 한판 골고루 맛보러 오세요~!"
14,특수한판,45000,"갈매기살 , 가브리살 , 쫀득살 부안집 특수부위 총출동! 신메뉴 출시했습니다~!"
14,부안철판볶음밥,6000,"마무의리~철판볶음밥!
파김치다데기로 맛있게 볶아
긁어먹는 재미로 기쁨두배♡"
14,계란찜,3000,"폭탄계란찜~!
아이들도 좋아하는 계란~찜
꼭 먹어보자♡"
14,비빔냉면,6000,"물냉이 있으면 당연히 비냉도 있어야지^^
일단 시켜보자~물냉만큼 맛있다"
14,물냉면,6000,"고기와 찰떡궁합~!
여름에는 물냉이 최고♡"
14,살얼음 물쫄면,7000,입안의 느끼함을 잡아줄수있는 살얼음 동동 물쫄면
14,파절이쫄면,6000,웬만한 분식집보다 맛있는 원조부안집의 사이드메뉴
14,대파라면,4000,대파김치가 듬뿍! 얼큰시원 라면
14,짜파게티,4000,"짜짜짜짜파게티~! 오늘은
내가 짜파게티 요리사♡"
14,10분밥,,"좋은 쌀로 갓 지은 밥으로 버터, 계란 , 참기름, 등을 비벼 먹는 시그니처 메뉴"
14,양푼김치찌게,6000,매장에서 직접끓여 개운하고 얼큰한 부안식 김치찌개
14,육즙목살,15000,"🏆""대한민국 3대목살""
📌육즙이 터져나오는 부드러운 목살"
14,쫀득살,15000,"🏆""원조부안집 시그니처 메뉴""
📌피자모양의 쫀득쫀득한 특수부위 끝판왕"
14,숙성삼겹,15000,"🏆""대한민국 대표 메뉴""
📌저희 매장은 1++ 삼겹살만을 사용합니다."
14,갈매기살,17000,"대한민국에서 제일 신선한
국내산 양막 생갈매기살♡
한정판매!!"
14,등겹살(가브리살),17000,"국내산 가브리살(등겹살)
등심덧살부위로 부드러움의 끝판왕♡
요것도 한정판매!!"
14,원조숯불갈비,16000,"🏆""역대급 중량 250g""
📌씹고 뜯는 맛이 일품인 진짜 뼈가 붙은 국내산 양념갈비"
14,쫄깃껍데기,9000,"🏆""단골손님들 원픽""
📌특제 간장소스에 숙성하여 쫄깃하면서 고소하다."
14,부안된장술밥,8000,"주당들의 최애메뉴♡
매장에서 직접끓여 더욱
맛있고 깔끔^^"
15,훈연 베이징덕,22000,"훈제오리에 특제 소스를 발라 담백하게 구워 밀전병과 함께 싸먹는 요리(+대파,오이,청꼬)"
15,게내장 크림 우동파스타,18000,영덕대게 내장을 넣은 고소하고 녹진한 크림 우동
15,육토마끼,23000,오다 시그니처인 한우육회를 듬뿍 넣어 연어와 함께 말아낸 후토마끼 자매버전
15,생연어카르파쵸발사믹샐러드,22000,
15,슈프림양념가라아게,18000,슈프림양념소스에 버무린 가라아게
15,불닭우삼겹야끼우동,20000,"불닭소스에 각종야채, 우삼겹, 우동면을 불향나게 볶아낸 한국식 매운야끼우동"
15,우삼겹탄탄나베(면포함),25000,
15,돈코츠나베(면포함),25000,
15,치즈x4 불닭볶음면,8000,불닭볶음면에 네가지 치즈가 올라가요!
15,붉은볼락튀김,9000,붉은볼락튀김
15,우삼겹 마라샹궈,18000,"얼얼한 마라소스에 우삼겹, 채소, 중화면을 불 맛나게 볶아낸 중화풍 볶음요리"
15,우니한판,37000,"녹진한 우니를 오이, 감태, 초밥 밥과 곁들여 먹는요리"
15,치킨난반,18000,부드러운 통닭다리 살을 특제소스에 재워 튀겨 타르타르 소스와 곁들여 먹는 요리
15,"묵,치,김볶밥",9000,묵은지와 삼겹살을 매콤하게 볶은 마성의 김치볶음밥(feat. 치즈와 후라이)
15,게살크림고로케,16000,게살의 풍미와 부드러운 크림이 어우러진 고로케
15,닭껍질교자,15000,닭껍질 안에 여러가지 채소와 고기를 넣어서 튀겨낸 겉바속촉 핑거푸트
15,타코와사비,11000,"낙지와 주꾸미를 고추냉이에 버무려 오이, 김과 함께 곁들여 먹는 요리"
15,트러플 감자튀김,9000,감자튀김과 트러플의 콜라보
15,파인애플샤베트,9000,파인애플을 통으로 얼린 상큼x시원 샤베트
15,트러플 짜파게티,8000,트러플향 가득한 짜파게티에 노른자와 치즈를 올려 고소함을 극대화!
15,"우니,단새우,관자,육회 사합",50000,"우니,단새우,관자,육회를 감태에 싸먹는 사합요리"
15,"우니,단새우,관자삼합",45000,"분홍단새우, 가리비관자, 우니, 연어알 등을 구운감태와 함께 곁들여 먹는 요리"
15,훈연삼치봉초밥,19000,
15,홍가리비술찜,20000,+파스타면
15,광어묵은지소금김밥(8p),18000,광어묵은지소금김밥(8p)
15,우니파스타,23000,
15,후토마끼,23000,"참치,연어,계란말이,새우튀김,유부 등의 속재료를 푸짐하게 넣어 말아낸 왕김밥"
16,바지락칼국수,10000,
17,갑오징어명란불고기,38000,"갑오징어, 명란, 각종 야채와 볶음소스가 어우러진 매콤달콤한 맛"
17,반반튀김(갑오징어/새우),15000,갑오징어와 새우가 반반인 깔끔하고 고소한 튀김
17,갑오징어튀김,17000,바삭하고 고소한 갑오징어튀김
17,갑삼불고기백반,13000,"갑오징어와 삼겹살, 볶음소스와 각종 야채가 어우러진 매콤달콤한 맛"
17,갑오징어불고기백반,13000,"갑오징어와 볶음소스, 각종 야채가 어우러진 매콤달콤한 맛"
17,갑삼불고기,35000,"갑오징어와 삼겹살, 볶음소스와 각종 야채가 어우러진 매콤달콤한 맛"
17,갑오징어초무침,30000,"갑오징어와 각종 야채, 양념초장이 어우러진 매콤하고 상큼한 맛"
17,갑오징어연포탕,33000,"갑오징어와 육수, 각종 해산물과 야채가 어우러진 담백하고 시원한 국물"
17,갑오징어불고기,35000,"갑오징어와 각종 야채, 볶음소스가 어우러진 매콤달콤한 맛"
17,오삼불고기백반,11000,"오징어와 삼겹살, 볶음소스와 각종 야채가 어우러진 매콤달콤한 맛"
17,가리비게살튀김,15000,가리비살과 게살로 만든 부드럽고 고소한 튀김
18,칼국수,8000,
18,칼만두,8000,
18,칼제비,8000,
18,손만두,8000,
18,콩국수,8000,계절메뉴
19,우동,6000,
19,짜장,6000,
19,짜장밥,6000,
19,곱배기,7000,
20,두부김치,,
20,부추전,,
20,잔치국수,,
21,짜장면,7000,
21,짬뽕,8000,
21,간짜장,8000,
21,짬뽕밥,8500,
21,볶음밥,8500,
22,부타동,10500,돼지고기 덮밥.
22,토리동,10500,닭다리살 덮밥.
22,마제소바,10500,일본식 비빔면.
22,탄탄멘,9500,중국식 라멘
23,숙주번데기탕,12000,
23,술탄치즈,18000,
23,우육탕,18000,
23,크림새우,17000,
23,부추두부김치,16000,
24,연어사시미,19000,
25,A set(반반치킨+더블페퍼로니피자),39000,
25,B set(순살반마리+8인치페퍼로니),18000,
25,순살 양념치킨,20900,
25,순살크리스피 양념 반반,21900,
25,순살양념치즈치킨,15000,
25,순살 볼케이노 치즈치킨,15000,
25,닭꼬야끼,15000,
25,닭날개 튀김(6조각),7000,
25,빅사이즈 4가지 피자,48900,
25,스윗베이컨고구마&고르곤졸라,23000,
25,베이컨체다치즈&더블페퍼로니,23000,
25,바베큐불고기피자,24000,
25,C set(순살반마리+8인치스윗고구마),18000,
25,베이컨치즈후라이피자,24000,
25,고르곤졸라피자,21000,
25,더블페페로니피자,22000,
25,스윗베이컨고구마피자,21000,
25,베이컨체다치즈피자,21000,
25,8인치 페파로니피자,6500,
25,8인치 스윗고구마피자,6500,
25,아이스황도,7000,
25,파인애플샤벱,8000,
25,오징어&땅콩,12000,
25,마늘간장날개(12조각),15000,
25,달맥 먹태구이,16000,
25,달맥 한치구이,12000,
25,달맥 쥐포구이,7000,
25,골뱅이무침&쫄면,22000,
25,로스팅소세지&포테이토,16000,
25,매콤 핫 닭발,15000,
25,페스츄리소세지,7000,
25,달맥 부대찌개,17000,
25,통오징어해물탕(우동사리포함),17000,
25,달맥 어묵탕,16000,
25,순살마늘간장 치킨,22900,
25,달맥 떡볶이,14000,
25,달맥 김치우동,10000,
25,닭똥집튀김,13000,
25,닭똥집 양념튀김,14000,
25,모듬튀김,8000,
25,김말이튀김,6000,
25,야채튀김,6000,
25,잡채만두튀김,5000,
25,달콤우유튀김,6000,
25,드래곤치즈볼,6000,
25,후라이드 치킨,18900,
25,롱오징어튀김,6900,
25,롱새우튀김,8900,
25,어니언링튀김,11000,
25,새우링튀김,11000,
25,닭껍질튀김,10000,
25,케이준포테이토,8000,
25,브라운어니언프라이드,8000,
25,생맥주 300cc,2500,
25,생맥주 500cc,4000,
25,블랑 생맥주,7000,
25,양념치킨,19900,
25,기린 생맥주,7500,
25,시나몬 코젤다크,7500,
25,코젤다크,7000,
25,달맥 하이볼(토닉),6900,
25,달맥 하이볼(진저),6900,
25,달맥 홍이볼(얼그레이),7900,
25,하이볼 샷추가,4000,
25,소주,5000,
25,제로콜라,2000,
25,사이다,2000,
25,후라이드 양념 반반,19900,
25,콜라,2000,
25,매운바베큐치킨,19900,
25,순살크리스피치킨,19900,
26,베이컨김치두부,19000,"베이컨, 볶음김치와 두부김치의 환상궁합"
26,마늘목살볶음,17000,대표메뉴☆ 드셔보세요. 짭조롬한 목살볶음
26,닭도리탕,29000,국내산 닭도리탕 바로조리합니다.(시간소요)
26,부추전,15000,부추전☆
26,김치전,15000,한국인의 맛 / 김치전
26,무뼈닭발,21000,철판 무뼈닭발
26,오징어볶음,21000,오징어와 소면을 한입에 앙앙
26,골뱅이무침,22000,새콤달콤한 골뱅이+소면을 앙앙
26,모듬소세지,18000,청송만의 수제 모듬소세지☆ (타 음식점과의 차별화된 소세지의 맛)
26,도토리묵 무침,17000,막걸리와 최고의 궁합
26,닭똥집볶음,17000,채소와 곁들인 똥집볶음 & 소금기름장
26,야채계란말이,17000,"우와,푸짐한 계란말이☆ 한입앙앙"
26,고기전,15000,고기반죽부터 직접 100% 작업하여 만드는 청송의 시그니처 메뉴입니다.
26,생선구이SET,26000,"가자미,고등어,삼치,임연수 세트"
26,과일화채,25000,과일과 달달한 우유의 만남(계절에 따라 과일이 달라요)
26,과일황도,13000,황도와 함께 계절에 맞는 과일
26,옛날도시락,5000,옛날 학창시절의 추억의 도시락(1970's)
26,잔치국수,6500,맛있는 사이드 메뉴
26,해장라면,5000,사이드 메뉴
26,감자전,15000,바로 갈아서 만드는 감자전 한입앙앙
26,얼큰김치수제비,20000,직접만드는 저온숙성 수제비☆반죽 얼큰하게 드셔보세요.
26,맑은감자수제비,20000,직접 만드는 저온숙성 수제비☆반죽 맑고 시원하게 드셔보세요.
26,바지락수제비,20000,직접 만드는 저온숙성 수제비☆반죽 / 바지락
26,만수탕,20000,만두+ 수제비+ 순두부 든든하게 먹을수 있는 청송의 시그니처 메뉴입니다
26,녹두전,15000,100% 수제녹두반죽입니다 ☆ 한입앙앙
26,모듬전,29000,"여러가지 전을 한번에 드실수 있습니다.
(고기,김치,동태,녹두,호박,버섯,두부,꼬지,햄)"
27,날치알 주먹밥,9000,날치알주먹밥 ( 날치알과 볶음김치의 만남 )
27,오삼불고기,20000,오삼불고기 매콤하고 오징어와 삼겹살의 만남
27,두부김치,15000,두부와 김치 만남 ( 남녀노소 편하게 먹을수있는 안주 )
27,해물누룽지탕,15000,시원하고 살짝 얼큰한 해물누룽지탕 ( 해물과 누룽지과자 조합 )
27,골뱅이무침,20000,골뱅이무침과 소면
27,연어샐러드,22000,"훈제연어와 야채 그리고 시큼한
맛의 조합"
27,해물찜,28000,"해물과 매콤한 양념의 맛!
해물찜"
28,(오픈 즉시 할인)대한민국 대표 마라탕(1인분),9900,먹어도먹어도 질리지않는 불가사의한 맛
28,(오픈 즉시 할인)대한민국 대표 마라탕(2~3인분),15900,먹어도먹어도 질리지않는 불가사의한 맛
28,치킨X 겉바속촉 꿔바로우(대 (15p)),16900,톰과 제리처럼 새콤달콤궁합
28,양저우볶음밥(1인분),7900,담백한 맛이 일품인 계란볶음밥
28,펩시콜라(355ml),2000,
28,제로콜라(펩시)(355ml),2000,
28,사이다(355ml),2000,
28,립톤아이스티복숭아(355ml),2000,
28,빙홍차(490ml),3000,
28,[ 즉시 할인 ]셀프 마라탕(+++ 기본 소고기 100g +++),2900,"[ 기본 9,900원 부터 주문가능 ]
기본재료 NO, 모든재료 내 취향대로 고르기"
28,[ 즉시 할인 ]셀프 마라탕(+++ 기본 숙주 100g +++),1900,"[ 기본 9,900원 부터 주문가능 ]
기본재료 NO, 모든재료 내 취향대로 고르기"
28,고기 일품 마라샹궈 (고기O)(1인분),15900,"마라향과 불맛의 향연, 독보적인 중독성"
28,고기 일품 마라샹궈 (고기O)(2~3인분),29900,"마라향과 불맛의 향연, 독보적인 중독성"
28,[] 내맘대로 [] 셀프 마라샹궈(+++ 기본 소고기 100g +++),2900,"[기본 15,900원 부터 주문가능]
기본재료 NO, 모든재료 내취향대로 고르기
마라샹궈는 최소주문금액 15,900원 이하 주문시 주문취소 됩니다."
28,[] 내맘대로 [] 셀프 마라샹궈(+++ 기본 숙주 100g +++),1900,"[기본 15,900원 부터 주문가능]
기본재료 NO, 모든재료 내취향대로 고르기
마라샹궈는 최소주문금액 15,900원 이하 주문시 주문취소 됩니다."
28,치킨X 겉바속촉 꿔바로우(미니 (5p) 소스 따로 불가능),6900,톰과 제리처럼 새콤달콤궁합
28,치킨X 겉바속촉 꿔바로우(중 (10p)),12900,톰과 제리처럼 새콤달콤궁합
29,뼈다귀전골(소),33000,"우거지+감자+수제비+깻잎+팽이버섯
(서비스 라면사리는 반조리 선택시만 제공)"
29,뼈다귀전골(중),41000,"우거지+감자+수제비+깻잎+팽이버섯
(서비스 라면사리는 반조리 선택시만 제공)"
29,뼈다귀전골(대),49000,"우거지+감자+수제비+깻잎+팽이버섯
(서비스 라면사리는 반조리 선택시만 제공)"
29,뼈해장국(2인),24000,공기밥 포함
29,뼈해장국(3인),36000,공기밥 포함
29,뼈해장국(1인)(1인),12000,공기밥 포함
29,공기밥,1000,
29,왕만두(4개),4500,
29,사이다(500ml),2000,
29,콜라(500ml),2000,
30,모둠사시미(어종수시변동),38000,제철마다 오는 다양한 어종의 생선을 내어드리는 대표메뉴입니다
30,밀푀유나베,28000,천개의 꽃이라불리는 밀푀유나베 탕냄비가 모자랄 만큼 꽉꽉채워드리는 단길 대표메뉴입니다
30,양념닭목살볶음,20000,
30,통가지새우튀김,20000,
30,통새우 부추전,19000,
30,유린기,18000,
30,들기름 깻잎 돌문어 무침,18000,
30,수제 가라아게,17000,
30,베이컨 청양크림파스타,17000,
30,가시바른순살삼치구이,18000,
30,치즈계란말이,15000,
30,알찬열빙어구이,14000,
30,곱도리탕,30000,
30,명란구이,14000,
30,카라이돈코츠라멘,14000,
30,명란감자치즈,10000,
30,바스크치즈케이크,10000,
30,중화풍오이무침,7000,
30,항정수육과 미나리무침,26000,
30,통오징어 나가사끼짬뽕,25000,
30,마라순두부나베,25000,
30,배추 조개탕,23000,
30,미나리생선회무침,23000,
30,전복파스타(아와비파스타),21000,
30,양송이새우감바스,21000,
31,육전국밥,11000,국내 최초 개발 !! 육전국밥
31,육전비빔막국수,11000,국산 메밀과 천연 과일소스의 깊은 맛 !!
31,미소곰탕정식,18000,(1인 육전+미소곰탕)
31,막국수정식,17000,1인 육전 + 물 or 비빔 막국수)
31,소고기육전(대),26000,한~장 한~장 즉석에서 부치는 대표 메뉴 !!
31,수제 소고기 완자,16000,신선한 야채와 소고기로 즉석에서 부치는~
31,육전 완자 반반,22000,소고기 육전과 완자를 동시에~
31,깻잎전,16000,깻잎 속에 소고기를 넣어 깔끔한 맛!!
31,해물김치전,20000,숙성김치와 해물의 조화~
31,치즈해물김치전,22000,쫄깃한 모짜렐라 치즈에 숙성김치와 해물의 조화~
31,오징어초무침,20000,국내산 오징어를 신선한 야채와 새콤달콤하게~
31,소불고기전골(중),35000,최상급 소고기와 자체개발 특제 양념 육수
31,소고기국밥 정식,17000,(1인 육전+소고기국밥)
31,소불고기전골(대),50000,최상급 소고기와 자체개발 특제 양념 육수
31,뚝배기불고기,12000,최상급 소고기와 자체개발 특제 양념 육수
31,소곱창전골(중),39000,고소하고 쫄깃한 소 곱창의 매력~
31,소곱창전골(대),55000,고소하고 쫄깃한 소 곱창의 매력~
31,육전모둠전골(중),35000,오직!! 육전국밥에서만 맛볼 수 있는~
31,육전모둠전골(대),50000,오직!! 육전국밥에서만 맛볼 수 있는~
31,소고기육전(소),16000,한~장 한~장 즉석에서 부치는 대표 메뉴 !!
31,모둠전,30000,막걸리가 생각나는 즉석 6종 모둠 전
31,치즈해물파전,22000,쫄깃한 모짜렐라 치즈에 국내산 오징어와 새우가 듬뿍~
31,소고기국밥,10000,하루에도 몇 번 씩 매장에서 직접 끓이는~
31,미소곰탕,11000,미소가 저절로 나오는~ 실속 곰탕
31,함박곰탕,14000,"함박웃음이 저절로 나오는~ 명품 곰탕
(수육+도가니)"
31,육전 물 막국수,11000,국산 메밀과 천연 과일소스의 시원~한 맛 !!
32,양념치킨(국내산),20000,
32,후라이드치킨(국내산),19000,35일산 국내산 신선한 닭고기를 천연 양념 숙성하여 한 마리하고 반마리 더 손님께 제공합니다.
32,순살양념,20000,
32,순살마늘반/순살후라이드반,22000,
32,순살간장반/순살후라이드반,21000,
32,블렉페퍼(신메뉴),22000,
32,순살블렉페퍼(신메뉴),22000,
32,후라이드반/블렉페퍼반,22000,
32,순살후라이드반/순살블렉페퍼반,22000,
32,순살양념반/순후라이드반,20000,
32,순살마늘치킨,22000,
32,오리지널콤보(통다리5+통날개6),23000,
32,후라이드반+양념반(국내산),20000,
32,후라이드한마리+반마리,29000,
32,후라이드한마리+양념반마리,30000,
32,후라이드한마리+매운양념반,30500,
32,양념한마리+후라이드반마리,30000,
32,매운양념한마리+후라이드반마리,31000,
32,후라이드한마리+마늘치킨반마리,31000,
32,감자튀김(3종),12000,
32,콜라변경(1.25L),2000,
32,콜라변경(500ml),1500,
32,사이다변경(1.5L),2000,
32,매운양념치킨,21000,
32,사이다변경(500ml),1500,
32,치킨무(1),500,
32,양념소스(1),500,
32,머스타드소스(1),500,
32,매운양념소스(1),500,
32,후라이드반마리 추가,10000,
32,양념반마리 추가,11000,
32,매운양념반마리 추가,11500,
32,마늘반마리 추가,12000,
32,블랙페퍼반마리 추가,12000,
32,매운양념치킨반/후라이드반,21000,
32,마늘치킨,22000,
32,후라이드반 / 마늘치킨반,22000,
32,순살매콤아삭,20000,
32,순살치킨반 / 매콤아삭반,20000,
32,순살후라이드,19000,
33,뜨끈세트,47800,고추튀김(맛선택 가능)+아롱사태 갓김치 전골+면사리
33,A세트,40800,고추튀김(맛선택 가능)+한우 대창 닭볶음탕+주먹밥
33,아이스샤베트!,8900,"시원하고,상쾌한맛"
33,콩고물 아이스크림,6900,고~소함 한가득
33,오리지널 고추튀김,11000,
33,양념 고추튀김,12000,
33,매운양념 고추튀김,12000,
33,콘소메 고추튀김,12000,
33,치즐링 고추튀김,12000,
33,아롱사태 갓김치 전골,36000,
33,한우대창 닭볶음탕(순살),28000,
33,모듬조개 술찜,26000,
33,B세트,40800,고추튀김(맛선택 가능)+모듬조개  술찜+술찜 볶음면
33,꽈리고추 닭목살 양념구이,23000,
33,통감자 닭목살 소금구이,23000,
33,무뼈 불닭발,22000,
33,치즈 감자채전,17000,
33,치즈 김치볶음밥전,18000,
33,육새전,23000,육전or 새우전 변경가능
33,한우 대창 명란 누룽지탕,26000,
33,통오징어 해물 짬뽕탕,26000,
33,부산 오뎅탕,22000,
33,백합 조개탕,21000,
33,C세트,38800,고추튀김(맛선택 가능)+육새전+비빔국수
33,주먹밥,3000,
33,볶음밥,3000,
33,치즈사리,3000,
33,면사리,2000,모든 탕류 면사리 추가 가능합니다.
33,맴맴 스파이시 하이볼,5800,"우이락이 만든 스파이시 증류수 맴맴, 기분좋은 망고향과 알싸한 뒷맛이 반전 매력인 하이볼"
33,선비 하이볼,6800,선비진만의 밸런스와 깔끔한 뒷맛을 극대화한 하이볼
33,가무치 하이볼,6800,고소한 곡물과 바닐라향 가무치에 얼그레이를 넣어 만든 하이볼
33,홀리엠 하이볼,6800,오미자의 상큼하고 깔끔한 맛의 하이볼
33,만월 하이볼,6800,입안가득 퍼지는 달콤한 복분자 하이볼
33,담솔 하이볼,6800,상쾌한 솔의 향과 시원한 맛이 매력적인 하이볼
33,[우이락] 비빔국수 or 쫄면,7000,우이락만의 특제 비법 양념장으로 만든 새콤달콤 비빔국수!
33,제임슨 하이볼,6800,풍미와 바디감이 일품인 위스키 하이볼
33,스파이시 맴맴,11000,"250ml, 20도
우이락이 만든 스파이시 증류주 맴맴, 기분좋은 망고향과 알싸한 뒷막이 반전 매력인 전통주"
33,홀리엠,27000,"375ml, 37도"
33,가무치,27000,"375ml, 25도"
33,담솔,39000,"375ml, 40도"
33,만월,25000,"360ml, 24도"
33,선비,45000,"375ml, 48도"
33,서울의밤,15000,"375ml, 25도"
33,매실원주13,13000,"375ml, 13도"
33,안동소주17,13000,"350ml, 17도"
33,들기름 짜계치,7500,"풍미가득 들기름, 계란, 치즈가 들어간 새로운 우이락 짜계치!"
33,안동소주40,23000,"350ml, 40도"
33,사랑할때12,12000,"300ml, 12도"
33,도원결의40,27000,"360ml, 40도"
33,도원결의15,15000,"360ml, 15도"
33,독도소주,15000,"375ml, 17도"
33,우이락 크림 막걸리,9500,프리미엄 막걸리
33,호랑이 생,8000,
33,성시경 경탁주,25000,품절 대란 경탁주 입고!
33,대대포,9000,
33,느린마을,8000,
33,해장 홍합라면,7500,시원한 홍합이 듬뿍 들어가 속 제대로 풀리는 시원 칼칼한 해장 라면
33,우곡생주,14900,
33,해창6도,15000,
33,해창12도,27900,
33,선호,8000,
33,송명섭,12000,
33,장수먹걸리,5000,
33,지평먹걸리,5000,
33,생맥주도 맛있는 우이락,4800,500cc
33,소주,5000,
33,맥주,5000,
33,순살 후라이드 치킨,15000,"바삭, 고소한 튀김옷을 곱게 입은 후라이드 정석의 맛 순살 치킨"
33,우이락 사과막걸리,9500,
33,여름세트,45400,여름세트. 아롱사태 수육냉채 + 고추튀김 + 생맥주 2잔
33,아롱사태 수육냉채,26000,
33,납작만두 무침,15000,
33,땡초 김치전,15000,
33,갓김치말이 냉쫄면,8000,
33,(저당)아이스과일 화채,15000,
33,한판 모둠건어물(5종),19000,"아귀포, 한치, 매운 양념 먹태, 장어포, 얇은 오징어"
33,매콤 순살 양념 닭강정,15000,매콤 달콤 양념에 볶은 꽈리고추와 바삭함이 제대로인 닭강정
33,먹태와 땅콩,18000,껍질까지 통으로 튀겨내 바삭한 맛이 일품인 최고의 맥주 안주
34,돈까스+쫄면세트,14000,
34,참치김밥,4500,
34,야채김밥,3500,
35,"차돌,양지, 힘줄 쌀국수",13000,
35,차돌박이 쌀국수,10000,
35,코카 콜라,2500,
35,사이다,2500,
35,하노이 맥주,5500,
35,사이공 맥주,5500,
35,감자말이새우 (3p),3500,
35,양지 쌀국수,11500,
35,"차돌,양지 쌀국수",12500,
35,힘줄 쌀국수,14000,
35,모듬 전식 (8p),8500,
35,고구마 짜조 (3p),3000,
35,가리비 짜조 (3p),3000,
35,버팔로 윙 (3p),3500,
35,웨딩 쇼마이 (2p),3000,
36,도미 중,58000,
36,광어 3인,38000,
36,우럭 3인,38000,
36,새우구이,25000,
36,전복회,17000,
37,89바삭 크리스피,17900,바삭바삭한 튀김과 촉촉한  살코기 치킨89의 대표메뉴[음료 사이즈업 가능]
37,[신메뉴]89골라먹는 순살종합세트,34900,순살 두마리양 5가지맛(크리스피고정+택4+감자)무1개+음료245ml
37,89달콤 양념치킨+펩시콜라245ml,18900,치킨89만의 특제 소스와 바삭한 치킨의 만남[음료 사이즈업 가능]
37,89시그니처 로제투움바치킨+펩시콜라245ml,19900,"부드러우면서 매콤한 로제소스와 아삭한 할라피뇨토핑, 치킨89의 야심작 로제투움바치킨"
37,89멕시치킨+펩시콜라245ml,19900,매콤한 할라피뇨와 치킨89만의 특별 소스를 더한 멕시칸풍 치킨[음료 사이즈업 가능]
37,89스윗 갈릭치킨+펩시콜라245ml,18900,마늘의 깊은 풍미를 느낄수 있는 치킨[음료 사이즈업 가능]
37,[사장님 추천]89크리미 어니언치킨+펩시콜라245ml,18900,부드러운 크림과 아삭한 양파의 꿀조합[음료 사이즈업 가능]
37,89아삭 파닭치킨+펩시콜라245ml,19900,"치킨은 바삭,파는 아삭,맛있어서 파닭파닭[음료 사이즈업 가능]"
37,89화끈 불닭치킨+펩시콜라245ml,18900,입안을 얼얼하게 만드는 맛있게 매운 치킨[음료 사이즈업 가능]
37,89뿌링 스노우치킨+펩시콜라245ml,19900,바삭한 치킨 위에 치즈 눈이 내린다[음료 사이즈업 가능]
37,89단짠 간장치킨+펩시콜라245ml,18900,환상 비율로 만들어진 간장 치킨[음료 사이즈업 가능]
37,Wow100%다리살 89바삭 크리스피 순살+콜라245m,18900,+100프로 닭다리살+ 바삭바삭한 튀김과 촉촉한  살코기 치킨89의 대표메뉴[음료 사이즈업 가능]
37,[사장님 추천]89프리미엄 치떠끼 반마리SET,23900,떡볶이( 2~3인 ) + 크리스피 반마리 + 펩시콜라500ml[음료 사이즈업 가능]
37,89단짠 간장순살+펩시콜라245ml,19900,+100프로 닭다리살+ 환상 비율로 만들어진 간장 치킨[음료 사이즈업 가능]
37,89멕시순살+펩시콜라245ml,20900,+100프로 닭다리살+ 매콤한 할라피뇨와 치킨89만의 특별 소스를 더한 멕시칸풍 치킨[음료 사이즈업 가능]
37,89달콤 양념순살+펩시콜라245ml,19900,+100프로 닭다리살+ 치킨89만의 특제 소스와 바삭한 치킨의 만남[음료 사이즈업 가능]
37,89스윗 갈릭순살+펩시콜라245ml,19900,+100프로 닭다리살+ 마늘의 깊은 풍미를 느낄 수 있는 치킨[음료 사이즈업 가능]
37,89크리미 어니언순살+펩시콜라245ml,20900,+100프로 닭다리살+ 부드러운 크림과 아삭한 양파의 조합[음료 사이즈업 가능]
37,89아삭 파닭순살+펩시콜라245ml,20900,"+100프로 닭다리살+ 치킨은 바삭,파는 아삭, 맛있어서 파닭파닭[음료 사이즈업 가능]"
37,89화끈 불닭순살+펩시콜라245ml,19900,+100프로 닭다리살+ 입안을 얼얼하게 만드는 맛있게 매운 치킨[음료 사이즈업 가능]
37,89뿌링 스노우순살+펩시콜라245ml,20900,+100프로 닭다리살+ 바삭한 치킨 위에 치즈  눈이 내린다[음료 사이즈업 가능]
37,(NEW)89매콤달콤로제떡볶이,7900,치킨89만의 특별소스로 맛있게 매운 로제떡볶이
37,89바삭바삭 먹태,14900,"89바삭바삭 하게 구운 먹태살 그리고 청양고추가
들어간 마요네즈간장소스맛이 일품"
37,89 시그니처 로제투움바순살치킨+펩시콜라245ml,20900,"부드러우면서 매콤한 로제소스와 아삭한 할라피뇨토핑, 치킨89의 야심작 로제투움바치킨"
37,(NEW)89매콤달콤 국물떡볶이(1인분),5900,"치킨89만의 특별소스로 맛있게 매운 떡볶이
(신라면 정도 맵기)
떡+오뎅+대파"
37,타코포테이토,11900,멕시칸 특제소스의 풍미를 느낄수 있는 치킨89의 시크릿 메뉴!!
37,대왕체다치즈스틱(케찹을 드려요~)(2개),7900,체다치즈가 통째로  들어간 치즈스틱 최강자!!
37,치즈샤워크림감자,11900,"감자튀김에 뿌려진 샤워,체다치즈소스,베이컨 환상 꿀조합"
37,(NEW)89땡글이 리얼찹쌀치즈볼(5개),4500,쌀가루를 입혀 겉은 더욱 바삭하고  속은 더욱 쫀득한
37,감자튀김(케찹을 드려요~),9900,겉은 바삭하지만 속은 부드러운 감자튀김!!
37,버팔로윙+나쵸(체다소스를 드려요~),10900,
37,모짜치즈스틱(케찹을 드려요~)(5개),4500,입안에 모짜렐라 치즈가 한가득!! 쭉쭉 늘어나는 치즈스틱!!
37,파+골뱅이,11900,골뱅이와 파채에 새콤한 양념을 더해 술이 당기는 맛!!
37,89닭똥집튀김,9900,바삭하고 쫄깃하게 튀긴 닭똥집
37,89All반반 치킨+펩시콜라245ml,17900,반반치킨+치킨무1개+펩시콜라245ml[음료 사이즈업 가능]
37,89매콤닭똥집튀김,10900,튀긴 닭똥집에 매콤한 양념을 더한메뉴
37,[신메뉴 출시]89 멕시치킨반마리(콜라미포함),15000,치킨무
37,89바삭 크리스피반마리(콜라미포함),14000,치킨무+양념소금
37,89달콤 양념치킨반마리(콜라미포함),14500,치킨무
37,89스윗 갈릭치킨반마리(콜라미포함),14500,치킨무
37,89크리미 어니언치킨반마리(콜라미포함),15000,치킨무
37,89단짠 간장치킨반마리(콜라미포함),14500,치킨무
37,89화끈 불닭치킨반마리(콜라미포함),14500,치킨무
37,89뿌링 스노우치킨반마리(콜라미포함),15000,치킨무
37,[신메뉴 출시]89멕시순살 반마리 (콜라미포함),15500,치킨무
37,39ooDc치킨89(뼈) 내맘대로 두마리SET,31900,치킨두마리+치킨무2개+펩시콜라245ml[음료 사이즈업 가능]
37,89바삭 크리스피순살반마리(콜라미포함),14500,치킨무+양념소금
37,89달콤 양념순살반마리(콜라미포함),15000,치킨무
37,89스윗 갈릭순살반마리(콜라미포함),15000,치킨무
37,89크리미 어니언순살반마리(콜라미포함),15500,치킨무
37,89단짠 간장순살반마리(콜라미포함),15000,치킨무
37,89화끈 불닭순살반마리(콜라미포함),15000,치킨무
37,89뿌링 스노우순살반마리(콜라미포함),15500,치킨무
37,펩시콜라(245ml),1500,
37,펩시콜라(500ml),2000,
37,펩시콜라(1.25L),2500,
37,(HOT)나홀로 반마리(뼈)+감자튀김+펩시콜라245ml(크리스피반마리),17900,반마리(뼈)+감자튀김+펩시콜라245ml[음료 사이즈업 가능]
37,칠성사이다(245ml),1500,
37,칠성사이다(500ml),2000,
37,칠성사이다(1.25L),2500,
37,무 추가(1개),500,
37,89특제 양념소스(1개),1000,
37,89특제 매운양념소스(불닭소스)(1개),1000,
37,89특제 갈릭소스(1개),1000,
37,89특제 겨자소스(1개),1000,
37,89특제 간장소스(1개),1000,
37,89특제 어니언크림소스,1000,
37,(HOT)나홀로 반마리(순살)+감자튀김+콜라245ml(크리스피순살반마리),18400,반마리(순살)+감자튀김+펩시콜라245ml[음료 사이즈업 가능]
37,파추가,2500,
37,체다치즈소스(1개),1000,
37,샤워크림 소스,1000,
37,허니머스타드소스(1개),1000,
37,89프리미엄 치떠끼 한마리SET,28900,떡볶이( 2~3인 ) + 크리스피 한마리 + 펩시콜라500ml[음료 사이즈업 가능]
37,39ooDc치킨89(순살) 내맘대로 두마리SET,33900,치킨두마리+치킨무2개+펩시콜라245ml[음료 사이즈업 가능]
38,팩 반찬(대),5000,
38,양념게장,,
38,나물,,
38,해파리냉채,10000,
38,잡채,,
38,전,,
38,팩 반찬(중),3000,
38,국,,
39,누룽지통닭,,
40,참다랑어뱃살,40000,
40,참치회 1인,28000,
40,참다랑어 1번 대뱃살,45000,
40,참치회 스페셜(1인),30000,무한리필
40,참치회 특스페셜 (1인),40000,무한리필
40,참치회 실장스페셜(1인),60000,무한리필
40,혼술참치회200g,22000,
40,참다랑어 속살 200g,27000,
40,참치초밥,12000,
40,참다랑어,20000,
40,가마구이,18000,
41,토시살(150g),14900,
41,상 우설(한정판매) 120g,20900,기간 한정 메뉴로 소량씩 판매중
41,중 우설(한정판매) 120g,17900,기간 한정 메뉴로 소량씩 판매중
41,닭목살(180g),10900,
41,갈비살(150g),15900,
41,살치살(150g),17900,
41,김치말이국수,6000,
42,에스프레소,4000,
42,아메리카노,4000,
42,알코브크림티 (ice only),5500,자몽청과 히비스커스를 베이스로하여  음료를 만들고 상큼 달콤한 크림을 얹어 만든 티슈페너
42,페퍼민트,4500,페퍼민트 잎차의 상큼한 맛이 좋은 티
42,카모마일,4500,
42,애플석류티,5000,사과를 잘게 자르고 석류 알갱이를 넣어 수제로 만든 정성 가득 티.갱년기 여성에게 추천
42,밀크티,5500,잎차를 우려서 우유에 섞어서 만든 달콤하고 고소한 티
42,말차라떼 (ice only),5500,말차와 우유로 만든 라떼
42,초코라떼,5500,쌉싸름한 다크 코코아와 우유를 넣어 만든 라떼
42,딸기라떼 (ice only),5500,새콤달콤한 딸기와 우유를 넣어 만든 딸기음료
42,패션후르츠에이드,5500,직접 담근 패션후르츠청과 탄산수를 넣어 상큼한 패션후르츠의 맛과 씨앗까지 씹혀서 씹는 맛도 재밌는 에이드
42,히비스커스패션후르츠티,5000,히비스커스를 따뜻하게 우려서 수제 패션후프츠와 섞어서 만든 티
42,카페라떼,4500,
42,히비스커스티,4500,히비스커스를 따뜻하게 우려서 만든 차
42,헤이즐넛아메리카노,4500,
42,헤이즐넛라떼,5000,
42,말렌카꿀케이크,6000,
42,티라미슈,5500,"이탈리아어로 기운을 북돋아주다는 뜻의 케이크로 크리미한 마스카르포네 치즈 혼합물, 코코아 가루를 뿌린 층으로 만든 고전적인 이탈리아 디저트"
42,복숭아블랙티,5000,블랙티을 우려서 만든 복숭아 홍차.아이스로 드시면 아이스티를 대체할 수 있는 티
42,카페모카,5500,
42,코코넛라떼,5500,
42,청귤에이드,5500,갓 수확한 신선한 청귤로 담근 최상급 프리미엄 청귤청의 은은하게 퍼지는 새콤달콤한 맛과 향의 에이드
42,히비스커스청귤티,5500,히비스커스를 따뜻하게 우려서 청귤청과 섞어서 만든 티
42,카푸치노,4500,
42,딸기크레이프케이크,5000,건조 딸기 다이스가 디프로맷 크림에 녹아들어 진한 딸기 맛과 향을 만들어내고 요거트 분말이 상큼함을 더해주는 케이크
42,청키초콜렛 슈프림 쿠키,2700,초콜렛 청크가 푸짐하게 박힌 클래식한 초코쿠키
42,코코아 화이트 청크 앤드 초콜렛 쿠키,2700,코코아 분말을 더해 더욱 깊고 진한 초코맛의 쿠키
42,화이트 청크 딜라이트 쿠키,2700,진한 카카오버터의 풍미가 부드럽게 녹아 들어간 화이트 초코 쿠키
42,브라우니 코코아 쿠키,2000,코코아 분말을 함유한 달달한 맛의 코코아 쿠키
42,바닐라라떼,5000,
42,카라멜마끼아또,5500,
42,알코브라떼 (ice only),5500,크림카푸치노
42,레몬에이드,5500,직접 담근 수제 레몬청과 탄산수를 넣어 만들었습니다. 새콤하고 달콤해서 피로가 싸악 없어지는 레몬에이드입니다.
42,자몽에이드,5500,알갱이가 있는 수제 자몽청과 탄산수로 만든 에이드.상큼하고 달콤한 자몽에이드
42,자몽블랙티,5000,
43,황금스페셜,65000,광어 +우럭 + 연어 + 도다리 + 멍게 + 계절활어 + 멍게 + 가리비 + 회무침 + 새우튀김이 나오는 세트메뉴입니다.
43,4종세트,28000,광어 + 멍게 + 회무침 + 새우튀김
43,줄돔,49000,
43,연어,23000,
43,황금세트,55000,광어 +우럭 + 연어 + 계절활어 + 멍게 + 가리비 + 낙지+ 새우튀김이 나오는 세트메뉴입니다.
43,황금 특선,45000,광어 + 우럭 + 연어 + 멍게 + 회무침 + 새우튀김이 나오는 세트메뉴입니다.
43,세꼬시 세트,35000,줄돔 + 우럭 + 도다리 이가 나오는 세트메뉴입니다.
43,광어회(중),24000,매일현지직송으로 오는 신선한활어회
43,광어회 (대),32000,
43,우럭 (중),26000,
43,우럭 (대),35000,
43,참돔 (1kg),39000,
43,참돔 (1.5kg),57000,
43,농어 (1kg),39000,
43,농어(1.5kg),57000,
45,로제 닭.쭈,22900,
45,치즈 불 막창,22900,
45,페스츄리 페퍼로니 피자,14000,
45,유린기,16000,
45,오징어 골뱅이 쫄면,25900,
45,바지락 칼국수,14900,
45,발리다 바베큐 플래터,32900,
45,발리다튀김플래터,29900,
46,조개탕,12000,
46,조기매운탕,12000,
46,생고기김치찌개,12000,
46,꽁치김치찌개,12000,
46,스팸김치찌개,12000,
46,닭볶음탕,20000,
46,매운닭발,11000,
46,꼼장어,12000,
46,껍데기,11000,
46,오돌뼈,11000,
47,고추장찌개,18000,
47,우삼겹야끼소바,18000,"우삼겹,야채,숙주등을 수제 야키소바소스로 볶은후  토핑으로 계란후라이,가스오부시. 송송파,생강채를 서빙합니다"
47,굴라쉬(2인분),23000,"소고기 ,양파, 마늘, 파프리카 토마토. 빵"
47,모듬튀김,23000,"왕새우 2마리,팽이버섯,꽈리고추,연근, 가지.  단호박등 제철야채 2개씩"
47,시사모+새우튀김,22000,"시사모(열빙어) 7마리
새우 3마리+청양마요+와사비간장"
47,해산물토마토스파게티탕,20000,"바지락과 오징어 등 여러 해산물과 스파게티,토마토가 들어간 매콤한  술안주겸 한끼식사로도   가능한 음식입니다"
47,매콤낙지우동볶음,18000,
47,해물+고기 시오 야끼소바,20000,
47,바지락술찜,18000,"바지락500그램,대파,청양고추"
47,다시마끼,15000,부드럽고 달달한 일본식 계란말이
47,깐쇼새우,18000,튀긴새우9마리와 새콤.달콤.매콤한 양념으로 볶은 음식으로 기본적으로맵다는 라면보다 좀더 강하게 조리하고 있으나 맵기조절가능합니다
47,튀김 만두(1인분),6000,얇은 피만두로 튀긴 만두 8개로 식사대용겸 간식입니다.
47,제육볶음,18000,"돼지고기350그램과 양배추,대파,당근등을  수제양념으로  볶은 음식."
47,명란버터구이,12000,"명란버터구이,오이슬라이스,청양간장마요네즈"
47,밥1공기,1000,햇쌀220그램
47,계란후라이 1알(왕란1알후라이),1000,
47,계란과 밥1공기(2000),2000,햇밥220그램과 왕란1알
47,칠성사이다(제로),2000,
47,칠성사이다,2000,
47,펩시콜라(제로),2000,
47,코카콜라,2000,
47,코카콜라(제로),2000,
47,캐나다 드라이 토닉워터(1캔250CC),1000,하이볼용이나 탄산수로 음용가능
47,해물 시오 야끼소바,18000,해산물과  풍부한야채구성ㅡ일반적인야끼소바맛보다 담백한 맛을 윈하는 분들은 소금을 베이스로한  기름기적은 해물시오를   추천합니다
47,면추가,3000,
47,밤호박고구마맛탕,6000,
47,국물오뎅탕,6000,매운맛과 보통선택 가능합니다 요청사항부택드립니다
47,부타노가쿠니(돈삼겹살 조림),18000,"돈삼겹살300그램,포고버섯1.,계란.무,꽈리고추,가지포함하여 650그램정도입니다"
47,부채살투움바로제파스타,18000,"부채살120그램정도,투움바로제파스타. 피클"
47,김치볶음밥,10000,백미300그램 수제김치150그램 왕란 80그램소스등 650그램으로 매운맛 좋아하시면 요청사항 에 적어주세요. 기본 김치볶음밥맛입니다
47,갈비맛탕수육(2인분),21000,돈목심을 갈비양념으로 24시간숙성후 국내산 전분으로 튀겨낸 후 수제 탕수소스와 야채를 함께 봌아낸 음식.
47,갈비맛탕수육 소(1인분),12000,돈목심을 갈비양념으로 24시간 숙성후 국내산 전분으로 튀겨 수제소스와 야채등을 볶아 낸 음식.
47,삼겹살김치찜,18000,"네덜랜드 삼겹살 140내외 ,국산김치찜400그램,대파"
48,참치김밥,5300,
48,더블치즈김밥,4800,
48,야채김밥,3800,
48,에그롤김밥,4800,
48,뚝배기 떡볶이,,
48,왕돈까스,,
48,떡라면,,
49,소곱창 (200g),25000,소곱창구이
49,모듬 (200g),25000,"곱창 100g 대창 50g 막창 50g
(염통은 서비스로 넉넉히 들어갑니다~)"
49,대창 (200g),25000,
49,막창 (200g),25000,
49,염통 (150g),15000,
49,해물순두부전골{추가시},15000,"탕은 기본으로 나가며, 추가시 비용입니다."
49,날치알볶음밥,3000,
49,치즈추가(볶음밥),2000,
49,김가루 주먹밥,2000,
50,라볶이 set 3 꼬마야채김밥+라볶이,10000,매콤달콤한 소스가 쏙 밴 라면 사리와 아삭한 채소가 가득찬 야채꼬마김밥을 소스에 찍먹드세요
50,라볶이 set 2 꼬마스팸+라볶이,10000,익숙해서 더 무서운 그맛 스팸과 라볶이의 치명적인 만남 아이 어른들도 좋아하는 단짠세트^^
50,참치김밥,5500,아이 어른모두에게 사로잡힌 맛^^
50,스팸김밥,5500,부드럽고 두툼한 계란과 환상적인 야채와 조합을 이룬 스팸^^
50,묵은지참치김밥,6000,국내산 묵은지 김치와 참치의 만남^^ 고유부는 국내산 김치만을 사용합니다
50,고김밥,5000,기본 야채에 살짝 매콤 어묵이 들어간 김밥입니다
50,타코대왕유부초밥,3700,오독오독 톡 쏘는 최상품의 타코와 와사비의 조합^^
50,참치대왕유부초밥,3500,아이 어른 모두의 입맛에 맞춘 참치마요 유부초밥^^
50,크래미대왕유부초밥,3500,게살 크래미와 야채를 곁들인 유부초밥 ^^
50,날치알,3700,한번 물면 알이 톡톡~~ 토도독^^
50,구운연어대왕유부초밥,3900,당일 손질한 싱싱한 연어를 토치에 구워 타르타르 소스를 올린 맛이 일품인 구운연어^^
50,불고기대왕유부초밥,3800,불닭소스 토핑으로 매콤한맛^^
50,라볶이 set 1 기본2알+라볶이,10000,라볶이의 매운맛을 달콤하고 촉촉한 유부초밥이 부드럽게 질리지 않고 맛있게 즐길수 있는맛
50,우삼겹대왕유부초밥,3800,달콤함이 곁들어진 맛 한번 먹어보면 홀딱 반한 맛^^
50,생연어대왕유부초밥,3900,슈페리어 등급의 노르웨이산 당일 손질한 일등급 싱싱한 면어^^
50,육회대왕유부초밥,3900,쫄깃한 육회의 풍미와 식감의 깊은맛^^
50,기본유부초밥 2pc,3600,토핑없는 단백한 맛^^
50,라볶이,7500,중독성이 강한 매콤한 라볶이
50,꼬마스팸김밥,3000,부드러운 달걀지단과 짭조름한 스팸의 조화로운 만남
50,꼬마야채김밥,3000,작지만 꽉 찬 한 입
50,밀떡볶이 2인분,10000,쫄깃한 밀떡에 매콤한 맛이 일품
50,컵라면 (소컵),2000,
50,"C세트:우동,참치.크레미",12000,
50,"B세트:기본,불고기.참치,날치알",11000,
50,"A세트; 기본,날치알,크래미,참치",11000,
51,아메리카노,,
52,낙지쌈밥(2인이상),16000,
52,제육쌈밥(2인이상),14000,
52,청국장,10000,
52,콩비지,10000,
52,김치찌개,9000,
52,된장찌개,9000,
52,순두부찌개,9000,
52,냉면,9000,
52,닭도리탕,35000,
52,동태전골(대),35000,
52,동태전골(중),30000,
52,생삼겹살,18000,
52,불낙전골(2인이상),18000,
52,버섯생불고기(2인),18000,
52,오징어쌈밥(2인이상),15000,
52,영양돌솥밥,11000,
52,오징어볶음,11000,
52,시골보리밥,11000,
52,갈치조림,7000,
52,제육볶음,10000,
52,뚝배기불고기,11000,
53,오징어오봉집스페셜,58000,
53,낙지오봉집스페셜,59000,
53,보쌈정식,12000,
53,바지락칼국수,9000,2인이상 주문가능
53,직화오돌뼈 주먹밥,17000,
53,쫀득편육,14000,
53,먹태,15000,
53,부추전,12000,
53,김치전,12000,
53,쟁반막국수,9000,
53,얼큰낙지전골,32000,
53,매생이연포탕,32000,연포탕+칼국수
53,오봉집보쌈(소),33000,
53,오봉집보쌈(중),38000,
53,오봉집보쌈(대),44000,
53,불매운맛 낙지볶음,14000,2인이상 주문가능
53,직화오징어볶음,13000,2인이상 주문가능
53,직화제낙볶음,14000,2인이상 주문가능
55,[주문폭발]셀프마라탕(중(2~3인)900g),18000,골라먹는 마라탕
55,[주문폭발]셀프마라탕(대(3~4인)1200g),24000,골라먹는 마라탕
55,[불맛일품]셀프마라샹궈(마라볶음)(대(3~4인)1200g),35000,골라먹는 마라샹궈
55,[불맛일품]셀프마라샹궈(마라볶음)(특대(4~5인)1500g),44000,골라먹는 마라샹궈
55,[새콤달콤]꿔바로우(소),12900,
55,[새콤달콤]꿔바로우(대),15900,
55,[마라단짝]계란새우볶음밥,8000,
55,공기밥,1000,
55,코카콜라(355ml),2000,
55,칠성사이다(355ml),2000,
55,빙홍차(500ml),3000,중국음료
55,차파이(복숭아우룽차)(500ml),3000,
55,[주문폭발]셀프마라탕(특대(4~5인)1600g),32000,골라먹는 마라탕
55,삥탕쉐리(배쥬스)(500m l),3000,
55,팹시제로(355ml),2000,
55,[주문폭발]셀프마라탕(소(1~2인)600g),12000,골라먹는 마라탕
55,[대한민국대표마라탕]기본마라탕(중(2~3인)900g),18000,"기본마라탕은 각종재료 골고루 랜덤으로 담아드립니다.
모든 재료가 다 들어가지 않을수도 있습니다.
선호하시는 재료가 있으시면 요청사항에 적어주시는 센스.
(고기제외,꼬치제외,공기밥별도)"
55,[대한민국대표마라탕]기본마라탕(대(3~4인)1200g),24000,"기본마라탕은 각종재료 골고루 랜덤으로 담아드립니다.
모든 재료가 다 들어가지 않을수도 있습니다.
선호하시는 재료가 있으시면 요청사항에 적어주시는 센스.
(고기제외,꼬치제외,공기밥별도)"
55,[대한민국대표마라탕]기본마라탕(특대(4~5인)1600g),32000,"기본마라탕은 각종재료 골고루 랜덤으로 담아드립니다.
모든 재료가 다 들어가지 않을수도 있습니다.
선호하시는 재료가 있으시면 요청사항에 적어주시는 센스.
(고기제외,꼬치제외,공기밥별도)"
55,[대한민국대표마라탕]기본마라탕(소(1~2인)600g),12000,"기본마라탕은 각종재료 골고루 랜덤으로 담아드립니다.
모든 재료가 다 들어가지 않을수도 있습니다.
선호하시는 재료가 있으시면 요청사항에 적어주시는 센스.
(고기제외,꼬치제외,공기밥별도)"
55,[불맛일품]셀프마라샹궈(마라볶음)(중(2~3인)900g),26000,골라먹는 마라샹궈
55,[불맛일품]셀프마라샹궈(마라볶음)(소(1~2인)600g),18000,골라먹는 마라샹궈
56,시선 모듬사시미,36900,"광어,도미,연어,육사시미로 구성된 시선 사시미를 모두 맛볼수있는 메뉴"
56,소고기스끼야끼(소유),19900,소고기와 야채를 소유육수에 끓여먹는 일본식 샤브샤브
56,도쿄스테이크(한우),19900,한국 상륙한 추스테이크 재현!!
56,유부김치우동,10900,시선 대표 해장메뉴!!
56,게살계란탕,9900,시원한 육수와 게살의 완벽한 조화
56,해물치즈떡볶이,11900,해물을 센 불에 볶아 불 맛을 낸 떡볶이에 치즈왕창토핑
56,철판스끼야끼,11900,특제소스를 곁들인 소고기와 야채볶음
56,시선 모듬꼬치 8종,18900,시선 대표 꼬치메뉴
56,간사이오뎅탕,19900,일본 오뎅이 듬뿍 들어간 시원하고 진한 전골
56,항정수육스지전골,24900,수비드한 항정살과 스지를 넣은 담백한 전골
56,눈꽂살일품구이,23900,1+ 한우와 야채의 완벽한 조화
56,소고기 한우대창나베(소유),18900,한우대창과 소고기를 소유육수에 끓여먹는 얼큰한 나베
56,한우 1+ 육회&육사시미,29900,육회와 육사시미 중에 고민이시라면 강추!
56,한우 1+ 육사시미,24900,
56,한우 1+ 육회,23900,
56,크림치즈 연어사시미,18900,비법 숙성법으로 맛들인 연어와 크림치즈의 조화
56,한우 1+ 육회&연어,27900,비법 연어와 한우 육회를 같이 즐길 수 있는 메뉴
56,광어사시미,24900,하루 숙성을 거친 신선한 광어회
57,NEW 부추고기순대(중),9000,향긋한 부추와 고기를 가득 채워 부드럽고 담백하게 즐길 수 있는 메뉴
57,시래기순대국,12000,부드럽게 삶은 강원도 시래기로 끓여내 더욱 구수하고 시원한 순대국
57,순대소곱창전골,30000,푸짐한 소고기 내장과 신선한 야채가 어우러져 시원하고 진한 전골
57,뼈해장국,11000,얼큰한 국물과 푸짐한 고기살이 일품인 뼈 해장국
57,소갈비탕,14000,부드러운 소갈비에 몸에 좋은 약재를 넣어 정성스럽게 끓인 갈비탕
57,큰맘내장국밥,12000,"담백, 고소, 쫄깃함을 다양하게 느낄 수 있는 곱창, 오소리감투, 염통이 가득한 푸짐한 내장국밥"
57,소내장탕,12000,푸짐한 소고기 내장과 콩나물이 어우러져 시원하고 진한 소내장탕
57,황태해장국,10000,씹을수록 고소한 황태와 신선한 콩나물이 만나 속이 시원해지는 황태 해장국
57,소머리곰탕,12000,장시간 우려낸 사골 국물에 소머릿고기를 넣고 끓인 소머리 곰탕
57,공깃밥,1000,
57,라면,2000,
57,청양고추(토핑) 추가,1000,
57,큰맘순대국,11000,묵직하면서도 자극적이지 않은 진한 육수에 갖은 재료를 가득 채워 얼큰하고 시원한 대표 순대국
57,편마늘 추가,1000,
57,깍두기 추가,1000,
57,김치 추가,1000,
57,코카콜라 355ml,2000,
57,칠성사이다 355ml,2000,
57,환타(파인맛) 355ml,2000,
57,펩시제로 355ml,2000,
57,칠성사이다 (제로) 355ml,2000,
57,탐스제로 355ml,2000,
57,탐스제로 500ml,2000,
57,큰맘양선지해장국,12000,"깊고 진한 고기 육수의 감칠맛과 부드러운 선지와 양, 얼큰한 양념 다데기가 어우러진 제주식 해장국"
57,순대국,10000,담백한 육수에 푸짐한 고기와 순대가 가득한 큰맘의 대표메뉴 순대국
57,육개장순대국,10000,"얼큰한 육개장과 순대국의 만남, 육개장 순대국"
57,토종순대 (중),9000,야채가 듬뿍 들어간 피순대
57,토종순대(대),12000,야채가 듬뿍 들어간 피순대
57,NEW 부추고기순대(대),12000,향긋한 부추와 고기를 가득 채워 부드럽고 담백하게 즐길 수 있는 메뉴
57,순대모듬수육,27000,부드럽고 담백한 돼지 모듬 부위와 큰맘 특제 순대를 푸짐하게 즐길 수 있는 모듬수육세트
58,오마카세초밥,13900,12ps
58,모듬초밥,11900,11ps
58,연어,4200,3ps
58,구운연어,4500,3ps
58,장어,4500,3ps
58,백미새우,3900,3ps
58,간장새우,4200,3ps
58,초새우,4500,3ps
58,계란,3300,3ps
58,유부,3300,3ps
58,대왕유부초밥,3000,1ps
58,연어회사시미,20500,12p
58,패밀리초밥,25900,24ps
58,모듬회사시미,24900,16ps
58,생연어,3000,1p / 3p/ 5p
58,연어홀스레디쉬,3500,1p / 3p/ 5p
58,연어타다끼,3500,1p / 3p/ 5p
58,그릴소고기,3000,1p / 3p/ 5p
58,갈릭새우,3500,1p / 3p/ 5p
58,명란직화새우,3500,1p / 3p/ 5p
58,그릴새우,3000,1p / 3p/ 5p
58,그릴가리비,3000,1p / 3p/ 5p
58,타코와사비,3500,1p / 3p/ 5p
58,연어초밥,13900,10ps
58,참치마요,3000,1p / 3p/ 5p
58,광어초밥,14900,10ps
58,광어연어초밥,14900,10ps
58,모듬새우초밥,11900,10ps
58,모듬그릴초밥,14900,10ps
58,소고기그릴초밥,13900,10ps
58,광어,4900,3ps
59,크리스피치킨,15900,모든 사람의 입맛에 맞는 담백하고 바삭바삭한 치킨
59,양념치킨,17500,호치킨만의 소스로 맛을 낸 매콤 달콤한 치킨
59,파닭,19500,알싸한 파와 톡 쏘는 겨자소스가 입맛을 자극하는 크리스피 치킨
59,로스트치킨,15900,육즙이 살아있는 오븐구이 웰빙치킨
59,매직 핫 로스트,16900,핫시즈닝을 입혀 오븐에 구운 매콤한 로스트 치킨
59,청양바베큐로스트,17900,청양숫불바베큐 소스로 볶아낸 감칠맛 폭발 로스트 치킨
59,직화소금구이,17900,"대파, 양파, 청양고추의 깊은 풍미를 담은 오븐구이"
59,직화양념구이,18900,직화 조리와 매콤한 바비큐 소스로 불맛 가득한 로스트 치킨
59,후끈이,18900,기름을 쏙 뺀 오븐로스트에 남녀노소 누구나 좋아할 매콤함의 환상 조합
59,페퍼스넥,18900,1% 특수부위 닭목살을 매콤한 통후추와 함께 바삭하게 튀긴 메뉴
59,반반반 치킨 세트,26500,호치킨의 시그니쳐 3가지 맛을 동시에 즐기세요~ / 한마리 반으로 3가지맛 선택
59,치면세트,19900,치킨 단품 사이드 구성으로 양도 종류도 푸짐하게 즐기는 한마리 세트
59,간장치킨,17500,바삭한 크리스피와 간장소스의 달콤 짭조름한 조합
59,치카고세트,31800,진한 치즈가 가득한 시카고 피자와 바삭한 치킨을 한번에
59,반반치킨,16900,크리스피치킨과 양념치킨 둘 다 먹고 싶은 날
59,치즈찐,18500,단짠 체다치즈와 고소한 크림치즈에 파마산치즈로 풍미를 살린 프리미엄 치즈시즈닝 치킨
59,치타치킨,18500,멕시칸 스타일의 타코시즈닝과 매콤 달콤한 스리라차마요소스를 곁들인 프리미엄 치킨
59,호차오,19500,바삭한 치킨을 강한 불에 볶아 불맛을 더한 중화풍 깐풍치킨
59,치슐랭,19500,오븐에 한번 더 구워 바삭함과 소이립 풍미를 살린 프리미엄 치킨
59,맛나게맵닭,19500,화끈한 소스와 과육의 달콤함이 만난 매콤달콤한 치킨
59,어니언치킨,19500,몸에 좋은 양파링과 호치킨 특제소스를 듬뿍 올린 상큼한 치킨
60,비프 스테이크 포케,12900,
61,청양누룽지닭전골,19900,
61,혼미 시그니처세트,78900,(사시미플레이트+추천꼬치5종+나가사키짬뽕+모찌리도후)
61,왕새우튀김,15900,
61,닭날개튀김,9900,
61,모찌리도후,6900,
61,특제오뎅탕,14900,
61,타코와사비,10900,
61,명란구이,12900,
61,가이바시라버터야끼,18900,
61,순살양념닭구이,18900,
61,소고기타다끼,22900,
61,참치타다끼,22900,
61,추천꼬치5종,16900,
61,팥빙수,6900,
61,아이스호두,4900,
61,달디단토마토,5900,
61,아이스크림튀김,8900,
61,아이스쪽파크림치즈크래커,10900,
61,고구마프라이즈,9900,
61,닭껍질교자말이튀김,14900,
61,민물새우튀김,7900,
61,타코야키,9900,
61,문어튀김,17900,
61,숙성사시미플레이트,,
61,쿠시카츠,9900,
61,치즈듬뿍돈카츠,13900,
61,닭다리살튀김,16900,
61,명란계란탕,15900,
61,브라운치즈와메론,12900,
61,맑은조개탕,14900,
61,우삼겹미소된장파스타,17900,
61,매콤로제파스타,14900,
61,오코노미야끼,14900,
61,돼지고기숙주볶음,13900,
61,오렌지시나몬,5900,
61,에비마요,17900,
61,해물야키소바,17900,
61,열빙어구이,14900,
61,메로구이,24900,
61,나가사키짬뽕,19900,
61,오사카짬뽕,19900,
61,스끼야끼,24900,
61,단새우니감태,38000,
61,생연어사시미,28000,
61,사시미고노와다,35000,
61,청어알두부,14900,
61,광어사시미,30000,
61,청양알리올리오파스타,12900,
61,명란크림파스타,14900,
61,전복내장크림파스타,17900,
61,치킨난반,16900,
62,[무료] 오징어초무침,,"알림받기>쿠폰발급>네이버예약>쿠폰 보여주시면 15,000원 상당 오징어초무침 무료 제공!!"
62,양은이네 세트,48000,푸짐한 세트메뉴 [얼큰동태탕+오징어보쌈+냉면] 4만8천원!⭕7만원❌
62,점심특선 － 꼬막비빔밥,11000,탱글한 꼬막과 아삭한 채소를 푸짐하게 비벼 먹는 가성비 점심 한 상
62,점심특선 － 소고기 고추장 비빔밥,10000,다양한 야채와 소고기가 듬뿍! 입맛 당기는 소고기 고추장 비빔밥
62,점심특선－ 별미 육회비빔밥,10000,신선한 육회가 듬뿍 별미 육회비빔밥!
62,점심특선－ 콩국수,9000,고소하다 못해 꼬숩한 시원한 콩국수!
62,꼬막무침&소면,18000,매콤달콤 꼬막무침에 소면까지 곁들인 술안주·모임용 인기 메뉴
62,오징어숙회,15000,부드럽고 쫄깃한 맛이 일품인 오징어숙회
62,오징어파전,15000,통통한 오징어가 들어간 겉바속촉 파전
62,통영생굴(1접시),10000,*시즌한정* 통영 생굴
62,편육,10000,가볍게 곁들이기 좋은 쫄깃한 편육
62,불냉면,8000,맵지만 멈출 수 없는 맛! 양은이네 불냉면
62,얼큰동태탕(중),36000,"3인 기준, 공기밥 포함"
62,물냉면,7000,살얼음 동동 시원새콤한 물냉면
62,어리굴젓(동절기 메뉴),5000,원조 밥도둑 어리굴젓
62,수제비 사리,1000,손으로 쭈~욱 찢어 먹는 쫄깃한 수제비
62,얼큰동태탕(대),48000,"4인 기준, 공기밥 포함"
62,오징어보쌈(중),38000,오징어숙회+보쌈+돌돌말이김치+쌈야채
62,오징어보쌈(대),48000,오징어숙회+보쌈+돌돌말이김치+쌈야채
62,보쌈(중),35000,보쌈+돌돌말이김치+쌈야채
62,보쌈(대),45000,보쌈+돌돌말이김치+쌈야채
62,보쌈한접시,15000,부드러운 보쌈고기 추가
62,점심특선 － 꼬막비빔소면,11000,"쫄깃한 꼬막과 매콤한 양념이 어우러진, 점심에 딱 좋은 시원한 한 그릇"
63,소고기 쌀국수,10500,"쌀국수+육수+반찬(단무지, 칠리소스)"
63,해물 짬뽕 쌀국수,11000,"짬뽕쌀국수+짬뽕육수+반찬(단무지, 칠리소스)"
63,고수추가,1000,"고수를 좋아하시는 고수님들, 저희는 모든 메뉴에 고수가 들어있지 않습니다. 고수를 좋아하신다면 추가를 부탁드려요~ :)"
63,양파절임,500,
63,새우링(5개),5500,
63,반미 1인 set,16000,"미니쌀국수+반미+반찬(단무지, 칠리소스) 
인기 메뉴 반미와 쌀국수의 놀라운 조합"
63,쌀국수 1인 set,15500,"쌀국수+미니볶음밥 선택+반찬(단무지, 칠리소스)
포안 최고 인기 메뉴를 한번에 ~ 든든하게 즐겨보세요"
63,포돈 1인 set(1인분),15500,"미니쌀국수+돈까스+반찬(단무지, 칠리소스, 돈까스소스)"
63,볶음밥 1인 set(1),15500,"볶음밥+미니쌀국수+반찬(단무지,칠리소스)"
63,콜라 245ml,1000,
63,사이다 245ml,1000,
63,해물 볶음밥,10500,해물볶음밥+반찬(단무지)
63,월남쌈 3pcs,9500,월남쌈+땅콩소스
63,분짜,12000,분짜+분짜소스+반찬(단무지)
63,반미,9500,반미
63,파인애플 볶음밥,10500,파인애플볶음밥+반찬(단무지)
63,해물 볶음면~,10500,"해물볶음면+반찬(단무지, 칠리소스)"
63,고기짜조((큰) 3개),8000,짜조+짜조소스
63,매운칠리소스 추가 (스위트칠리x),500,중독성있는 포안 전매특허 칠리소스. 모든 메뉴를 얼큰버전으로 만들어주는 매직 모든 메뉴와 다 잘 어울려요. 굉장히 매콤해요
64,경성꽈배기 3개,2500,
64,팥도넛츠,1500,
64,치즈볼,1500,
64,감자고로케,1500,
65,모둠전,22000,
65,닭볶음탕,30000,
65,오뎅탕,20000,
65,골뱅이소면,20000,
65,무뼈닭발,18000,
65,치즈계란말이,15000,
65,두부김치,15000,
65,묵무침,12000,
65,먹태,18000,
65,마른한치,15000,
65,마른오징어,12000,
65,황도,8000,
65,추억의도시락,5000,
65,계란찜,8000,
65,육전,22000,
65,파전,18000,
65,동태전,15000,
65,감자전,15000,
65,부추전,15000,
65,김치전,15000,
65,굴전(계절),18000,
66,시래불고기,23000,국내산 소고기 등심을 이용한 저희 시래불고기는 담백하고 깔끔한 맛으로 고객님의 입맛을 사로잡고 있습니다.
66,봉평메밀막국수 (물/비빔),10000,
66,시래보신전골,,얼큰하고 구수한 국물과 야들야들한 아롱사태의 만남!! 드셔보시면 왜 보신전골인지 아실것입니다~!!
66,한우육회,27000,
66,명품생삼겹살 1인 180g,18000,
66,[점심특선] 소불고기전골 (2인),30000,
66,[점심특선] 시래기밥상,9000,
66,시래소고기보신탕,,
66,한우육회비빔밥,13000,
66,시래갈치조림,14000,
67,반반피자 [레귤러],17700,두가지 맛을 한번에 즐기는 6조각 피자 [10인치] 토마토 소스를 사용한 메뉴만 가능합니다
67,반반피자 [라지],22700,두가지 맛을 한번에 즐기는 8조각 피자 [13인치] 토마토 소스를 사용한 메뉴만 가능합니다
67,수제 라구 루꼴라 피자 [R],22700,직접 조리한 홈메이드 라구와 신선한 루꼴라. 그라나파다노 치즈로 마무리
67,갈릭 옥수수 새우 피자 [R],23700,한 입에 새우 하나가 목표. 수제 갈릭 디핑 소스로 마무리
67,[시그니처] 한국 피자 [R],22700,"직접 재운 돼지불고기, 직접 볶은 마법의 김치, 헤어나올 수 없는 매력의 시그니처 피자"
67,오리지널 치즈 피자 [L],21700,치즈 피자가ㅏ 맛있어야 맛있는 피자집
67,페퍼로니 피자 [L],22700,좋아하는 페퍼로니를 적당하게 토핑한 피자
67,더블 페퍼로니 피자 [L],25700,담백하고 짭짤한 페퍼로니 가득 말 그대로 페퍼로니 가득가득
67,통 베이컨 하와이안 피자 [L],25700,육즙 가득 통 베이컨과 통 파인애플을 슬라이스해서 올린 피자
67,무화과 잼 고르곤졸라 피자 [L],24700,일반 꿀보다 매력적인 무화과 잼 위에 최상급 모짜렐라 치즈와 고르곤졸라 치즈
67,치즈 프라이 피자 [L],26700,"주문 즉시 튀긴 감자를 왕창. 나초 소스와 수제 갈릭 디핑 소스, 시즈닝"
67,크리스 콤비네이션 [L],26700,여러가지 토핑의 조합으로 호불호 없는 시그니처 피자
67,오리지널 치즈 피자 [R],16700,치즈 피자가 맛있어야 맛있는 피자집
67,마스카포네 바질 피자 [L],27700,"토마토 소스, 모짜렐라 치즈, 마스카포네 치즈, 수제 바질 페스토"
67,수제 라구 루꼴라 피자 [L],28700,직접 조리한 홈메이드 라구와 신선한 루꼴라. 그라나파다노 치즈로 마무리
67,갈릭 옥수수 새우 피자 [L],29700,한입에 새우 하나가 목표. 수제 갈릭 디핑 소스로 마무리
67,[시그니처] 한국 피자 [L],28700,"직접 재운 돼지불고기, 직접 볶은 마법의 김치, 헤어나올 수 없는 매력의 시그니처 피자"
67,오리지널 치즈 피자 p[1인피자],9700,치즈 피자가 맛있어야 맛있는 피자집
67,페퍼로니 피자 p[1인피자],10700,좋아하는 페퍼로니를 적당하게 토핑한 피자
67,더블 페퍼로니 피자 p[1인피자],12700,담백하고 짭짤한 페퍼로니 가득 말 그대로 가득가득
67,통베이컨 하와이안 피자 p[1인피자],12800,육즙 가득 통 베이컨과 통 파인애플을 슬라이스해서 올린 피자
67,무화과잼 고르곤졸라피자 p[1인피자],11800,일반 꿀보다 매력적인 무화과 잼 위에 최상급 모짜렐라 치즈와 고르곤졸라 치즈
67,치즈프라이 포테이토피자 p[1인피자],12500,"주문 즉시 튀긴 감자를 왕창. 나초 소스와 수제 갈릭 디핑 소스, 시즈닝"
67,페퍼로니 피자 [R],17700,좋아하는 페퍼로니를 적당하게 토핑한 피자
67,크리스 콤비네이션 p[1인피자],13700,여러가지 토핑의 조합으로 호불호 없는 시그니처 피자
67,마스카포네 바질 피자 p[1인피자],12700,부드러운 마스카포네 치즈와 홈메이드 바질 페스토
67,수제 라구 루꼴라 피자 p[1인피자],13700,"직접 조리한 홈메이드 라구와 신선한 루꼴라, 그라나파다노 치즈로 마무리"
67,갈릭 옥수수 새우 피자 p[1인피자],14900,"한입에 새우 하나가 목표, 수제 갈릭 디핑 소스로 마무리"
67,[시그니처] 한국 피자 p[1인피자],13700,"직접 재운 돼지불고기, 직접 볶은 마법의 김치, 헤어나올 수 없는 매력의 시그니처 피자"
67,토마토 파스타,12700,신선한 토마토와 비법 재료들을 직접 끓인 수제 토마토 파스타
67,바질 파스타,12700,"산지 직송 바질 잎을 사용한 홈메이드 바질 페스토, 그라다파다노, 생레몬, 레몬 제스트"
67,봉골레 파스타,14700,"신선한 산지 직송 모시조개, 검색되는 모든 파스타집과 비교해도 1등 자신 있습니다."
67,잠봉 크림 파스타,15700,"신선한 우유 크림 베이스에 통 베이컨, 체다 치즈, 만가닥 버섯, 잠봉 햄"
67,라구 파스타,15700,"각종 야채와 소고기, 돼지고기로 직접 끓인 라구 소스, 루꼴라, 그라나파다노 치즈로 마무리"
67,더블 페퍼로니 피자 [R],18700,담백하고 짭짤한 페퍼로니 가득 말 그대로 가득 가득
67,통 베이컨 하와이안 피자 [R],19700,육즙 가득 통 베이컨과 통 파인애플을 슬라이스해서 올린 피자
67,무화과 잼 고르곤졸라 피자 [R],18700,일반 꿀보다 매력적인 무화과 잼 위에 최상급 모짜렐라 치즈와 고르곤졸라 치즈
67,치즈 프라이 피자 [R],19900,"주문 즉시 튀긴 감자를 왕창. 나초 소스와 수제 갈릭 디핑 소스, 시즈닝"
67,크리스 콤비네이션 [R],21700,여러가지 토핑의 조합으로 호불호 없는 시그니처 피자
67,마스카포네 바질 피자 [R],21700,"토마토 소스, 모짜렐라 치즈, 마스카포네 치즈, 수제 바질 페스토"
68,페퍼로니 한판,22000,
68,페퍼로니 반판,15000,
68,콘치즈 피자 반판,16000,
68,버섯 피자 한판,23000,
68,버섯 피자 반판,16000,
68,고르곤졸라 한판,24000,
68,고르곤 졸라 반판,17000,
68,하와이안 피자 한판,23000,
68,하와이안 피자 반판,16000,
68,매콤 토마토 파스타,12000,
68,베이컨 크림 파스타,12000,
68,볼로네제 파스타,12000,
68,시카고 피자,25000,
68,매콤 떡볶이,9900,
68,감자튀김,8900,
68,맥앤치즈,9900,
68,쥐포 오븐구이,7900,
68,콘치즈,7900,
68,반건조 오징어,15000,
68,먹태,14900,
68,순살치킨,16000,
68,마약토마토,8900,
68,나쵸,8900,
68,베이컨 할라피뇨피자 한판,23000,
68,핫윙,8900,
68,츄러스,8900,
68,치즈볼,7900,
68,황도,7900,
68,파인샤벳,7000,
68,소주,5000,
68,병맥주,5000,
68,생맥주,4500,
68,꿀맥주,5000,
68,소맥,5500,
68,베이컨 할라피뇨 피자 반판,16000,
68,페일에일,6500,
68,오트밀스타우트,6500,
68,시나몬스타우트,7000,
68,청하,5500,
68,별빛청하,6000,
68,잭다니엘 샷or언더,5000,
68,잭허니 샷or언더,5000,
68,호세샷or언더,5000,
68,산토리 샷or언더,5000,
68,깔루아 샷or언더,5000,
68,콤비네이션 한판,25000,
68,봄베이 샷or 언더,5000,
68,말리부 샷or언더,5000,
68,예게 샷or언더,5000,
68,앱솔루트 샷or언더,5000,
68,산토리 하이볼,8000,
68,진토닉,8000,
68,깔루아밀크,8000,
68,예거밤,8000,
68,허니스프라이트,8000,
68,잭진저,8000,
68,콤비네이션 반판,18000,
68,잭콕,8000,
68,말리부오렌지,8000,
68,잭허니375ml,43000,
68,잭다니엘375ml,43000,
68,치즈피자 한판,21000,
68,치즈피자 반판,14000,
68,콘치즈 피자 한판,23000,
69,모듬생선구이,55000,
69,고등어정식(2인이상),13000,
69,갈치조림(대),55000,
69,갈치조림(중),45000,
69,동태전골(대),45000,
69,동태전골(중),35000,
69,고등어무조림,11000,
69,김치찌개,9000,
69,된장찌개,9000,
69,제육볶음,11000,
69,계란말이,8000,
69,돌솥밥,3000,
69,임연수구이,15000,
69,고등어구이,14000,
69,삼치구이,14000,
69,동태탕,11000,
69,알탕,11000,
69,알밥,11000,
69,코다리조림(대),55000,
69,코다리조림(중),45000,
70,조개마카롱,3800,"3,800원 ~ 4,300원"
70,버터떡(5개)세트,7500,
70,카페모카,4300,
70,토피넛라떼,4300,
70,말차라떼,4300,
70,초코라떼,4300,
70,리얼딸기라떼,5500,
70,아이스티(복숭아),3200,
70,플레인요거트스무디,5500,
70,리얼딸기요거트스무디,5700,
70,리얼블루베리요거트스무디,5700,
70,자바칩프라페,5500,
70,두바이쫀득쿠키(두쫀쿠),5900,
70,녹차프라페,5500,
70,죠리퐁프라페,5500,
70,루이보스티,3000,
70,박스포장추가,1000,
70,일반보냉백 추가,1000,
70,선물용보냉백추가,2000,
70,최고급 플레인 크로플,4300,"겉바속촉 크로플:) + 슈가파우더 토핑
최고급 프랑스 천연버터 사용"
70,최고급 누텔라 크로플,4800,"겉바속촉 크로플 + 악마의 잼 누텔라 + 슈가파우더 토핑
최고급 프랑스 천연버터 사용"
70,아메리카노,2900,
70,1리터보틀아메리카노,6800,
70,아샷추(아이스티샷추가),3700,
70,카페라떼,3700,
70,바닐라라떼,4300,
71,곱창구이,25000,당일도축한 신선한 한우곱창입니다.
71,막창구이,25000,
71,특양구이,26000,
71,모듬구이,25000,
71,대창구이,25000,육즙가득 통통한 대창~!
71,양념대창구이,25000,
71,염통구이,15000,
71,볶음밥,3000,
71,묵사발,5000,
73,열무국수,8000,
73,콩국수,10000,
73,열무보리밥,9000,
73,오리지널수제비,9000,
73,얼큰수제비,9000,
73,잔치국수,7000,
73,고기만두,5000,
74,모둠 돈카츠,16500,등심 돈카츠와 안심 돈카츠를 동시에 즐길수 있어요
74,치즈롤 돈카츠,14000,청정 냉장 돈육 등심과 100% 자연산 모짜렐라 치즈와 체다 치즈를 믹스한 롤돈카츠
74,특 모둠 카츠,18000,기본 모둠 돈카츠에서 등심 중량이 줄고 안심이 그 만큼 더 들어가는 메뉴입니다. 등심 135g + 안심 140g
74,기린 이치방(330ml) 병맥주,6000,
74,삿포로(330ml) 병맥주,6000,
74,토리카츠 ( 치킨 카츠),13000,"닭가슴살을 디나인만의 연육법으로 재탄생시켜 부드럽게 튀겨낸 카츠, 토리카츠로 여태 먹어보지 못한 아주 부드러운 카츠"
74,토리카츠산도,8000,
74,(찍어먹는)순메밀 자루소바,9000,
74,자루소바 로스카츠,13500,자루소바와 등심 한덩이
74,자루소바 토리카츠,13000,자루소바와 토리 한덩이
74,자루소바 에비후라이1p,13000,
74,로스카츠 에비후라이2p 정식,15000,에비후라이 2p와 등심 한덩이 정식
74,히레(안심) 카츠,14000,등심 돈카츠와는 또 다른 부드러운 식감과 고소한 풍미의 돈카츠
74,히레2p 에비후라이2p 정식,15000,
74,등심 추가,5000,
74,치즈 2p 추가,5000,
74,안심 2p 추가,4500,
74,토리카츠 추가,4500,
74,비프키마카레 추가,4500,
74,에비후라이 추가,5000,
74,에비 후라이 3p,13000,
74,히레2p 토리카츠 정식,14000,안심과 토리카츠를 함께 즐기실 분들에게 추천드립니다.
74,토리카츠 에비후라이2p 정식,14500,
74,로스(등심) 카츠,13000,300시간 진공숙성한 1+등급 등심을 튀겨낸 겉바속촉 돈가츠
74,비프 키마카레우동,10000,
74,비프 키마카레우동+로스 카츠,14500,
74,비프 키마카레우동+토리카츠,14000,
74,비프 키마카레우동+에비후라이,14000,
74,김치 카츠 나베,11000,바삭한 돈카츠와 치즈를 올린 시원 칼칼한 디나인만의 김치찌개
74,비프 키마 카레 카츠,14000,소고기를 넣은 기본에 충실한 카레와 바삭한 돈카츠
74,두툼카츠산도,8000,
74,코카콜라,2000,
74,제로콜라,2000,
74,스프라이트,2000,
75,워크인/예약문의 항시가능,,미리 필요하신 시간 웨이팅 걸어놓을수있습니다
75,메뉴 수시 변동,,계절 날씨에 따라 수시로 변경될수있습니다
75,감태 트러플전복카츠산도,15000,"트러플마요 전복내장소스에 곁들여먹는
전복카츠산도"
75,두부가지라구요,18000,구운 두부와 가지위에 5시간동안직접 끓여 만든 라구소스와 깻잎토핑 두가지 치즈
75,열무 명란 참기름파스타,17000,"이탈리아 남부에서 영감받은 열무,참기름,명란이 중심이되는 파스타입니다"
75,심야식당풍 뽈뽀,29000,"2시간동안 간장에 저온조리한 부드러운 문어와
메쉬포테이토의 조합"
75,대가리비 조개 새우술찜,26000,"시원한 감칠맛의 가리비와 시원한 국물이 있는
술찜 입니다 파스타 추가 가능합니다"
75,대가리비 조개 새우술찜 파스타추가,3000,"대가리비 조개 새우 술찜을 드시고 남은 국물에
면추가 강력추천입니다"
75,트러플 아나 타마고,18000,"한입의 감동 살짝조리고 구운 장어와 반숙계란에
트러플 장어육수로 조린 니쯔매소스!"
75,커리나스하마시아게,18000,"가지사이에 다진 소,돼지고기를 넣고 튀겨내
숙성 커리와 곁들어 먹는요리"
75,사카나 나메로우,28000,깍둑자른생선회에 한식터치가 들어간양념과 프리미엄김과함께싸먹는 요리
75,그래 놀라운 크림치즈와토마토,9000,그래놀라와크림치즈 토마토 그리고 유자청
75,청양 치킨 프리카세,3000,드시다가 파스타추가하시면 새로운요리처럼 나와요
75,나폴리탄,17000,케첩 소스 베이스의 일본 가정식 스파게티
75,나고야풍 테바사키 아게니,13000,"전분에튀긴 닭날개를 간장에빠르게 조린
나고야풍 닭날개요리"
75,청양치킨 프리카세,23000,양송이와 양파를 갈아서만든 프랑스식 치킨스튜 바게트빵과 곁들여먹습니다
75,구운대삼치와쪽파치미추리,18000,횟감용대삼치를 구워 쪽파로 재해석한 치미추리소스를 곁들여먹는요리
75,해물 모든 짬뽕파스타,25000,"심야식당풍 불맛 해장 짬뽕파스타
주문과동시에 조리되는 리얼짬뽕"
75,구운 알배추와 미소크림소스,10000,이븐하게 익힌 알배추에 미소크림소스를 얹어서 튀긴대파와 함께 먹는요리
75,부타노 가쿠니,25000,부드럽게 익혀낸 삼겹살을 간장에조려 야채와 버섯 청경채와 함께 즐기는 일본식동파육
75,심야식당 중도 오마카세,,매일밤 12시 메뉴판에 없는 메뉴도 가능하면 해드립니다.
75,계절 모듬 사시미,38000,"엄선된 제철 어종을 0°C빙장숙성과 건식숙성
으로 생선 본연의 감칠맛을 최대로 끌어올렸습다"
76,마라탕,7000,7000원부터 14000원까지 조리 가능
76,마라샹궈,15000,15000원부터 조리 가능
76,마라만두,7000,"입안가득 육즙
자꾸 손이가는 얼얼한 매운맛"
76,멘보샤,6900,"4p 6,900 / 7p 11,900"
76,꽃빵튀김,4000,"4p 4,000 / 6p 6,000"
76,로제마라샹궈,15000,"15,000원부터 조리가능"
76,"샤브전골(11월~2월, 계절메뉴)",,"3만원부터 가능~
식사, 술안주 모두 일품
마라를 못드시는 분에게도 좋아요."
76,꿔바로우,11900,"소 11,900 / 대 18,000"
76,크림새우,14900,
76,칠리새우,14900,
76,새우볶음밥,7900,
76,소고기볶음밥,7900,
76,튀김양꼬치(10p),15000,
77,크리스피치킨,9900,바삭한 후라이드 치킨 !
77,두마리 치킨,19000,두마리사시면 800원 할인해드립니다^^ (양념 또는 간장등으로 변경시 1000원 추가)
77,양념치킨,10900,옛날 양념치킨맛 그대로 !
77,간장치킨,10900,마늘간장소스가 듬뿍 !
77,모듬감자,8900,8가지 종류에 감자가 한가득 !
77,크리스피치킨+모듬감자,18000,양념 또는 간장으로 변경시 1000원 추가
77,크리스피치킨+500cc 두잔,15500,양념 또는 간장으로 변경시 1000원 추가
79,떡튀순,6000,
79,떡튀김,5000,
79,떡순대,5000,
79,떡어묵,5000,
79,떡볶이,4000,
79,순대,4500,
79,튀김,4000,
79,어묵,3000,
80,아메리카노(ICE),2800,
80,멕시칸칠리시즈닝,600,
80,시나몬시즈닝,600,
80,New) 트러플베이컨해쉬버거 SET,12400,"짭짤한 베이컨, 바삭~ 담백한 해쉬브라운이 들어가 더 풍부하게"
80,New) 트러플베이컨해쉬버거,8700,"짭짤한 베이컨, 바삭~ 담백한 해쉬브라운이 들어가 더 풍부하게"
80,펩시콜라 355ml,2300,
80,양념너겟(멕시칸칠리),3500,
80,펩시제로콜라 355ml,2300,
80,양념너겟(샤워크림어니언),3500,
80,할라피뇨치즈버거 세트,10600,아메리칸 클래식 치즈버거에 매콤한 할라피뇨를 더해 속까지 꽉 찬 맛
80,칠성사이다 355ml,2300,
80,츄러스,3500,
80,New) 트러플치즈버거,6600,트러플크림소스의 깊고 진한 풍미를 느낄 수 있는 트러플치즈버거
80,할라피뇨치즈 버거,6900,아메리칸 클래식 치즈버거에 매콤한 할라피뇨를 더해 속까지 꽉 찬 맛
80,프렌치프라이(L),2700,
80,탐스오렌지 355ml,2300,
80,할라피뇨더블치즈버거 세트,13600,할라피뇨치즈버거에 치즈와 비프패티를 두 배로! 완벽한 맛의 밸런스
80,할라피뇨더블치즈 버거,9900,할라피뇨치즈버거에 치즈와 비프패티를 두 배로! 완벽한 맛의 밸런스
80,트레비레몬 355ml,2500,
80,프레쉬버거 세트,8600,Simple is the best의 철학이 담긴 버거리의 대표 가성비 버거
80,프레쉬버거,4900,Simple is the best의 철학이 담긴 버거리의 대표 가성비 버거
80,치즈스틱,2700,
80,아이스티,2800,
80,New) 트러플치즈버거 SET,10300,트러플크림소스의 깊고 진한 풍미를 느낄 수 있는 트러플치즈버거
80,코울슬로,2500,
80,버거리버거 세트,10900,"신선한 야채, 담백한 치즈, 짭짤바삭한 베이컨! 버거리 시그니처버거"
80,버거리버거,7200,"신선한 야채, 담백한 치즈, 짭짤바삭한 베이컨! 버거리 시그니처버거"
80,오렌지주스,3500,
80,콘샐러드,2500,
80,하와이안버거 세트,11200,구운 파인애플과 베이컨 바베큐 소스의 상큼한 조화가 매력적인 하와이안 버거
80,하와이안버거,7500,구운 파인애플과 베이컨 바베큐 소스의 상큼한 조화가 매력적인 하와이안 버거
80,샤인머스캣에이드,4200,
80,치킨너겟,3000,
80,핫치폴레버거 세트,11200,멕시코산 칠리 고추를 구워 건조시켜 소스로 만든 혓바닥이 얼얼한 매운맛의 버거
80,New) 해쉬브라운,2300,
80,핫치폴레버거,7500,멕시코산 칠리 고추를 구워 건조시켜 소스로 만든 혓바닥이 얼얼한 매운맛의 버거
80,크리스피치킨텐더,3000,
80,클래식치즈버거 세트,10000,불향 강한 패티와 아메리칸 치즈에만 집중한 클래식을 고집하는 버거리의 진짜 치즈 버거
80,클래식치즈버거,6300,불향 강한 패티와 아메리칸 치즈에만 집중한 클래식을 고집하는 버거리의 진짜 치즈 버거
80,양념감자(멕시칸칠리),3200,
80,더블클래식치즈버거 세트,12700,고기를 진정으로 사랑하는 자들은 오라 더블패티와 치즈의 육즙이 가득한 버거
80,더블클래식치즈버거,9000,고기를 진정으로 사랑하는 자들은 오라 더블패티와 치즈의 육즙이 가득한 버거
80,자몽에이드,4200,
80,소불고기버거 세트,9100,불고기소스와 100% 소고기패티의 조합 버거리에서만 즐기는 프리미엄 버거
80,한라봉에이드,4200,
80,New) 더블트러플치즈버거 SET,13200,한 입 가득~ 더블패티의 육즙과 트러플크림소스의 깊고 진한 풍미
80,소불고기버거,5400,불고기소스와 100% 소고기패티의 조합 버거리에서만 즐기는 프리미엄 버거
80,양념감자(샤워크림어니언),3200,
80,에그불고기버거,6400,"불고기 소스와 100% 소고기 패티, 그리고 담백한 에그 패티까지 추가된 시즌 한정 메뉴"
80,에그불고기버거 세트,10100,"불고기 소스와 100% 소고기 패티, 그리고 담백한 에그 패티까지 추가된 시즌 한정 메뉴"
80,어니언링,3500,
80,에그베이컨버거,8000,"100% 소고기 패티, 그리고 담백한 에그 패티와 짭쪼름한 베이컨 까지 추가된 시즌 한정 메뉴"
80,에그베이컨버거 세트,11700,"100% 소고기 패티, 그리고 담백한 에그 패티와 짭쪼름한 베이컨 까지 추가된 시즌 한정 메뉴"
80,버팔로윙&스틱,5200,
80,쉬림프버거,5800,통새우의 탱글탱글한 식감을 그대로 살려 고운 빵가루에 바삭하게 튀겨낸 쉬림프 버거
80,쉬림프버거 세트,9500,통새우의 탱글탱글한 식감을 그대로 살려 고운 빵가루에 바삭하게 튀겨낸 쉬림프 버거
80,New) 더블트러플치즈버거,9500,한 입 가득~ 더블패티의 육즙과 트러플크림소스의 깊고 진한 풍미
80,비프앤쉬림프버거,8900,통새우패티와 비프패티가 주는 새로움 오직 버거리에서만 즐길 수 있는 버거
80,비프앤쉬림프버거 세트,12600,통새우패티와 비프패티가 주는 새로움 오직 버거리에서만 즐길 수 있는 버거
80,클래식치킨버거,6500,통닭다리살 치킨패티에 산뜻한 화이트소스와 아메리칸 스타일의 체다치즈소스에 피클을 더한 베이직 치킨 버거
80,클래식치킨버거 세트,10200,통닭다리살 치킨패티에 산뜻한 화이트소스와 아메리칸 스타일의 체다치즈소스에 피클을 더한 베이직 치킨 버거
80,크리스피치킨버거,6900,통닭다리살 치킨패티에 신선한 토마토와 로메인을 곁들여 프레쉬하게 즐기는 치킨버거
80,크리스피치킨버거 세트,10600,통닭다리살 치킨패티에 신선한 토마토와 로메인을 곁들여 프레쉬하게 즐기는 치킨버거
80,아메리카노(HOT),2800,
80,New) 새우링,3900,
80,샤워크림어니언시즈닝,600,
81,유가네닭갈비,11000,
81,콘치즈닭갈비,12500,
81,계란찜,4000,
81,어묵탕,8000,
81,후루룩떡볶이,5000,
81,날치마요죽먹밥,5000,
81,스팸주먹밥,5000,
81,모짜렐라치즈사리,3000,
81,라면사리,2000,
81,우동사리,2000,
81,쫄면사리,2000,
81,모둠사리,5000,
81,쭈꾸미닭갈비,12000,
81,떡볶이떡,2000,
81,고구마떡,2500,
81,치즈떡,2500,
81,유가네2인모둠세트,29500,"닭갈비,모둠사리,음료"
81,매운닭갈비2인 모둠세트,31500,"매운닭갈비,모둠사리,음료"
81,콘치즈닭갈비2인모둠세트,32500,"콘치즈닭갈비,모둠사리,음료"
81,쭈닭갈비2인 모둠세트,31500,"쭈꾸미,닭갈비,모둠사리,음료"
81,낙지닭갈비2인 모둠세트,31500,"낙지,닭갈비,모둠사리,음료"
81,치즈닭갈비2인 모둠세트,35500,
81,낙지닭갈비,12000,
81,치즈닭갈비,14000,
81,닭야채철판볶음밥,8500,
81,닭갈비철판볶음밥,8500,
81,갈릭철판볶음밥,9500,
81,물막국수,7000,
81,물비빔막국수,7000,
82,카페아메리카노,3000,
82,카페라떼,3500,
82,뉴욕치즈,3800,
82,피자미스,3500,
83,샤브로21 샤브샤브,7500,가쓰오부시 베이스의 담백하고 개운한 샤브로21의 대표 샤브샤브
83,얼큰 샤브샤브,8500,얼큰한 육수의 샤브샤브
83,고추장 소불고기덮밥,7300,"한국식 고추장소스의 매콤한 풍미가 소고기, 넓적당면, 채소와의 조화를 완성합니다."
83,샤브로21 돼지불고기덮밥,6800,"깊고 풍부한 감칠맛의 샤브로21 특제소스가 돼지고기, 넓적당면,채소와의 조화를 완성합니다."
83,고추장 돼지불고기덮밥,7300,"한국식 고추장소스의 매콤한 풍미가 돼지고기, 넓적당면, 채소와의 조화를 완성합니다."
83,레몬에이드,3800,
83,자몽에이드,3800,
83,청포도에이드,3800,
83,플라워 하이볼,3800,
83,미도리 하이볼,3800,
83,레몬 하이볼,3800,
83,핑크자몽 하이볼,3800,
83,포 샤브샤브,8500,베트남식 소고기 육수의 샤브샤브
83,자몽허니블랙티 하이볼,3800,
83,쿨라임 하이볼,3800,
83,위스키 하이볼,3800,
83,산토리 하이볼,5800,
83,봄베이 하이볼,5800,
83,짐빔 하이볼,5800,
83,잭콕 하이볼,5800,
83,미소 샤브샤브,8500,일본식 된장 육수의 샤브샤브
83,마라 샤브샤브,8800,중국 사천식 마라향 육수의 샤브샤브
83,반반 샤브샤브,9000,
83,스키야키,8500,관서식 스키야키
83,샤브로21X목련어묵 어묵탕,8800,최고급생선 높은어육함량의 프리미엄 어묵탕
83,야키파스타,8800,샤브로21 특제소스와 이태리파스타면의 퓨전 요리
83,샤브로21 소불고기덮밥,6800,"깊고 풍부한 감칠맛의 샤브로21 특제소스가 소고기, 넓적당면,채소와의 조화를 완성합니다."
84,소갈비살,16000,
84,소금구이,14000,
84,껍데기,8000,
84,공기밥,1000,
85,A세트,30000,메인메뉴2인 + 주먹밥 + 계란말이
85,B세트,28000,메인메뉴2인 + 주먹밥 + 콘치즈
85,특수부위 닭목살 고추장구이 1인분,10000,
85,갓튀긴 옛날통구이 한마리,11000,
85,갓튀긴 매운 불통구이 한마리,13000,
85,불날개구이1인분,10000,
85,오득오득 오돌뼈,14000,
85,순살닭다리살 양념구이,18000,
85,볶음밥(국물닭발주문시),3000,
85,양념감자어니언맛,3000,
85,옥수수볼,3000,
85,고기튀김만두4P,3000,
85,C세트,38000,국물닭발메뉴2인 + 주먹밥 + 계란찜
85,김치튀김만두4P,3000,
85,치즈볼,3500,
85,랜덤모듬튀김 8P,4500,야끼만두2p+야채2P+고구마2P+김말이2P
85,셀프 날치알주먹밥,5000,
85,셀프 참치주먹밥,5000,
85,콘치즈폭탄계란찜,6000,
85,닭껍질후라이드튀김,7000,
85,짜계치,7000,
85,가래떡 떡볶이,7000,
85,통오징어 꿔바로우5P,7000,
85,숯불직화 통뼈닭발 1인분,11000,
85,꼬지오뎅탕,8000,
85,매운 국물떡볶이,8000,
85,매콤 로제떡볶이,8000,
85,통통한 계란말이,9000,
85,똥집후라이드+감자튀김,9000,
85,파인샤베트,9000,
85,요구르트샤베트,9000,
85,고르곤졸라피자,13000,
85,페퍼로니피자,14000,
85,불고기피자,14000,
85,숯불직화 무뼈닭발 1인분,11000,
85,깐쇼새우7P+감자튀김,14000,
85,산더미홍합탕,17000,
85,소주,5000,
85,맥주,5000,
85,국순당 쌀 막걸리,5000,
85,딸기 막걸리,11000,
85,바나나막걸리,11000,
85,말차 막걸리,11000,
85,벌집 꿀막걸리,14000,
85,음료수,2000,
85,숯불직화 튤립닭발 1인분,11000,
85,숙성통뼈 국물닭발 1인분,14000,
85,숙성무뼈 국물닭발 1인분,14000,
85,숙성튤립 국물닭발 1인분,14000,
85,특수부위 닭목살 소금구이 1인분,10000,
86,진짜문어 오리지널 타코야끼(8알),6000,"역시 모든것은 기본에서 시작하는 법(짜지 않고 감칠맛나는 소스 듬뿍, 마요네즈 듬뿍)"
86,진짜문어 오리지널 타코야끼(14알),10500,"역시 모든것은 기본에서 시작하는 법(짜지 않고 감칠맛나는 소스 듬뿍, 마요네즈 듬뿍)"
86,진짜문어 갈릭마요 타코야끼(22알),19000,우리가 누구인가 웅녀의 후손이다
86,진짜문어 갈릭마요 타코야끼(28알),24000,우리가 누구인가 웅녀의 후손이다
86,아메리카노,3000,사장님한테 타코야끼집에서 왜이리 커피에 공을 들이냐고 물었지만 고집을 꺾지 못했습니다
86,직접 담은 수제청 딸기라떼,5500,"직접 담은 수제 딸기청을 듬뿍 넣은 딸기라떼(오직 딸기, 설탕, 레몬즙만 들어갔습니다. 설탕보다 딸기의 비율이 높은 청이에요)"
86,진짜문어 카레맛 타코야끼(8알),6500,입에 넣자마자 이곳이 바로 타지마할
86,진짜문어 카레맛 타코야끼(14알),11300,입에 넣자마자 이곳이 바로 타지마할
86,진짜문어 카레맛 타코야끼(22알),17800,입에 넣자마자 이곳이 바로 타지마할
86,진짜문어 카레맛 타코야끼(28알),22700,입에 넣자마자 이곳이 바로 타지마할
86,진짜문어 치즈맛 타코야끼(8알),7000,수제소스+마요네즈+치즈소스+파마산 치즈가루+가스오부시토핑
86,진짜문어 치즈맛 타코야끼(14알),12000,수제소스+마요네즈+치즈소스+파마산 치즈가루+가스오부시토핑
86,진짜문어 오리지널 타코야끼(22알),16500,"역시 모든것은 기본에서 시작하는 법(짜지 않고 감칠맛나는 소스 듬뿍, 마요네즈 듬뿍)"
86,진짜문어 치즈맛 타코야끼(22알),19000,수제소스+마요네즈+치즈소스+파마산 치즈가루+가스오부시토핑
86,진짜문어 치즈맛 타코야끼(28알),24000,수제소스+마요네즈+치즈소스+파마산 치즈가루+가스오부시토핑
86,진짜문어 와사비마요 타코야끼(8알),7000,와사비와 마요네즈. 가끔은 상극이 더 잘 맞을 때도 있죠
86,진짜문어 와사비마요 타코야끼(14알),12000,와사비와 마요네즈. 가끔은 상극이 더 잘 맞을 때도 있죠
86,진짜문어 와사비마요 타코야끼(22알),19000,와사비와 마요네즈. 가끔은 상극이 더 잘 맞을 때도 있죠
86,진짜문어 와사비마요 타코야끼(28알),24000,와사비와 마요네즈. 가끔은 상극이 더 잘 맞을 때도 있죠
86,진짜문어 청양마요 타코야끼(8알),7000,뭘 좀 아는 사람들이 찾는 개운한 매운맛.
86,진짜문어 청양마요 타코야끼(14알),12000,뭘 좀 아는 사람들이 찾는 개운한 매운맛.
86,진짜문어 청양마요 타코야끼(22알),19000,뭘 좀 아는 사람들이 찾는 개운한 매운맛.
86,진짜문어 청양마요 타코야끼(28알),24000,뭘 좀 아는 사람들이 찾는 개운한 매운맛.
86,진짜문어 오리지널 타코야끼(28알),21000,"역시 모든것은 기본에서 시작하는 법(짜지 않고 감칠맛나는 소스 듬뿍, 마요네즈 듬뿍)"
86,불닭볶음면 큰컵(비조리),2500,
86,두바이쫀득쿠키/두쫀쿠,5800,두쫀쿠 직접 만들었어요
86,[커플타코 세트]여러가지 맛 선택+음료(8알+8알+8알(3가지 맛)),18000,3가지 맛 이상에 2가지맛만 선택하셨을 경우 선택하지 않은 맛은 오리지날로 나가게 됩니다. 주의해서 옵션 선택 부탁드립니다.
86,[커플타코 세트]여러가지 맛 선택+음료(14알+14알 (2가지 맛)),21000,3가지 맛 이상에 2가지맛만 선택하셨을 경우 선택하지 않은 맛은 오리지날로 나가게 됩니다. 주의해서 옵션 선택 부탁드립니다.
86,[커플타코 세트]여러가지 맛 선택+음료(8알+8알+8알+8알(4가지 맛)),24000,3가지 맛 이상에 2가지맛만 선택하셨을 경우 선택하지 않은 맛은 오리지날로 나가게 됩니다. 주의해서 옵션 선택 부탁드립니다.
86,[커플타코 세트]여러가지 맛 선택+음료(14알+14알+14알(3가지 맛)),31500,3가지 맛 이상에 2가지맛만 선택하셨을 경우 선택하지 않은 맛은 오리지날로 나가게 됩니다. 주의해서 옵션 선택 부탁드립니다.
86,[혼타코 세트] 타코야끼 2가지맛+음료(14알),10500,
86,[혼타코 세트] 타코야끼 2가지맛+음료(8알+8알),12000,
86,카페 라떼,3500,원어민처럼 발음하는 법 카프에 라테이
86,바닐라 라떼,4000,쓴 건 싫지만 커피는 마시고 싶어 그런 당신을 위한 선택
86,진짜문어 매콤한맛 타코야끼(8알),6500,불닭보다 멀고 신라면보다 가까운
86,카페 모카,4000,초콜렛과 커피의 만남은 시너지가 두 배
86,캬라멜 마끼아또,4000,캬라멜의 달달함에 한 입 먹으면 캬~소리가 절로
86,다방커피,3500,가끔은 이런 맛이 땡기잖아요
86,복숭아 아이스티,3500,달달향긋한 아이스티는 언제라도 스테디셀러
86,식혜,3500,뜨거운 타코야끼와 차가운 식혜의 운명적 만남
86,레몬 에이드,4500,새콤달콤한 맛에 미간이 찌푸려져도 멈출 수 없어요
86,자몽 에이드,4500,씁쓸한 풍미를 즐기는 당신을 위한 자몽에이드
86,오렌지 주스,4000,오렌지 쥬스를 마셔본 지가 얼마나 오렌지
86,망고 주스,4000,행복하세요 아프지 망고
86,코카콜라(500ml),2500,
86,진짜문어 매콤한맛 타코야끼(14알),11300,불닭보다 멀고 신라면보다 가까운
86,칠성사이다(500ml),2500,
86,아이스 초코라떼,4500,"초코소스계의 명품, 기라델리 초코소스를 쓴 달달한 초코라떼"
86,진짜문어 매콤한맛 타코야끼(22알),17800,불닭보다 멀고 신라면보다 가까운
86,진짜문어 매콤한맛 타코야끼(28알),22700,불닭보다 멀고 신라면보다 가까운
86,진짜문어 갈릭마요 타코야끼(8알),7000,우리가 누구인가 웅녀의 후손이다
86,진짜문어 갈릭마요 타코야끼(14알),12000,우리가 누구인가 웅녀의 후손이다
87,곱창볶음,12000,
87,알곱창,12000,
87,당면추가,,
87,순대볶음,12000,
87,막창구이,13000,
87,막창볶음,15000,
87,생고기돼지두루치기,22000,
87,생고기돼지양푼김치찌개,22000,
87,치즈곱창볶음 중,28000,
87,치즈곱창볶음 대,39000,
87,순대추가,4000,
88,바게트,3000,
89,왕꼬마김밥,4500,집에서 직접싼 김밥맛으로 당기는 맛이 일품인 오동통한 왕꼬마김밥.
90,족발,36000,막국수+순대국(비조리)+보쌈무김치+김치겉절이+야채+음료
90,매운족발(불족발)(족발),39000,막국수+순대국(비조리)+보쌈무김치+김치겉절이+야채+음료
90,순대국,8000,"조리,비조리"
90,막국수,7000,
90,고기만두,7000,
90,음료수(콜라(1.25)),3000,
90,음료수(사이다(1.25)),3000,
90,음료수(콜라(500)),2000,
90,음료수(사이다(500)),2000,
90,보쌈무김치 추가,2000,
90,김치겉절이 추가,3000,
90,쌈야채 추가,1000,
90,반반족발(족발),39000,막국수+순대국(비조리)+보쌈무김치+김치겉절이+야채+음료
90,햇반(오뚜기밥),1500,"조리,비조리"
90,매운소스,1000,
90,보쌈(소),24000,막국수+순대국(비조리)+보쌈무김치+김치겉절이+야채+음료
90,족보세트,42000,족발2분의1+보쌈(중)
90,반족,16000,2분의1족
90,반족(매운반족),18000,2분의1족
90,미니족,13000,
90,매운미니족,16000,
90,매운소스(소스),1000,
91,국물닭발(통뼈),19000,
91,해물불떡,12500,
91,김가루밥,3500,
91,볶음밥,3500,
91,계란죽,7000,
91,직화닭발(무뼈),19000,
91,오돌뼈 볶음,19000,
91,오징어볶음,21000,
91,국물오징어,21000,
91,만두오뎅탕,9000,
91,소금똥집볶음,9500,
91,아이스황도,6000,
92,뭉텅 주먹구이 큰접시(700g),63000,"육식파들을 위한 육즙가득 모듬구이 큰접시를 즐겨보세요!
(삼겹살+목살+어깨살+가니쉬3종)"
92,뭉텅 주먹구이 한접시(500g),45000,"당일 엄선한 뭉텅 시그니처 육즙가득 주먹구이 모듬 한접시
(삼겹살+목살+어깨살+가니쉬3종)"
92,오이몽땅국수(비빔국수),6000,새콤달콤 고소한 양념장과 쫄깃한 국수에 오이가 한움큼 몽땅 들어간 뭉텅 오이몽땅비빔국수
92,시나몬 껍데기(한대접),9900,들어는 보았나? 시나몬 향 가득한 껍데기! 술안주!
92,수제 소세지(150g),9900,"육즙 소세지, 매콤 칠리 소세지, 풍미 가득 치즈소세지 총 3가지로 골라 먹는 재미까지~"
92,매콤 오돌뼈 볶음밥,7000,매콤하고 오도독한 식감이 좋은 k 디저트
92,뭉텅 육즙 삼겹살(150g),15000,녹아버릴 듯한 고소함이 담겨있는 뭉텅 육즙 삼겹살
92,가브리살(150g)/당일 한정판매,16000,"쫄깃한 식감을 느낄 수 있는 특수부위를 제공합니다.
*한정 수량으로 재고 소진시 조기 마감"
92,뭉텅 시그니처 특밥(2인),5000,"갓 지은 표고버섯밥에 들기름 한바퀴 뚝!
뭉텅의 시그니처 중 하나"
92,두부한모 청국장,6000,뭉텅뭉텅한 고기와 두부가 가득한 옛 할머니의 그맛
92,뭉텅 하이볼,6900,하이볼 장인에게 전수 받은 고 품격 하이볼
92,뭉텅 주먹구이 추가 반접시(250g),22500,2%부족할때 20% 채워주는 추가 반접시
92,뭉텅뭉텅김치찌개,7000,큼직한 두부와 고기가 가득한 한국인의 찌개!
92,김치말이국수,6000,시원하게 살얼음 김치육수에 쫄깃하고 노란 치자 국수 위에 열무김치와 아삭한 절인오이!
93,연포탕,,
93,낙지볶음,,
93,낙지초무침,,
93,탕탕이,,
93,낙지정식,14000,
93,낙지비빔밥,8000,
93,황태콩나물국밥,8000,
93,전주콩나물국밥,8000,
93,순두부,8000,
94,흑염소 엑기스30포,109000,
94,흑염소 엑기스60포,198000,
94,흑염소전골,30000,
94,흑염소탕,15000,
94,흑염소무침,29000,
94,흑염소수육,32000,
94,한방삼계탕,15000,
95,아메리카노,4100,
95,카페모카 R,5700,
95,카푸치노 R,5200,
95,카페라떼 R,5200,
95,아메리카노 R,4700,
95,에스프레소 R,3300,
95,스트로베리 라떼,5800,
95,스트로베리 애플 비안코 프라페,6300,
95,스트로베리 요거 프라페,6300,
97,팥붕어빵 2개,1000,
97,슈크림붕어빵 3개,2000,
98,아메리카노 (500ml),3500,깊은 풍미와 바디감을 가진 스페셜 블랜딩 원두를 사용한 카페아에만의 아메리카노
98,헤이즐넛 아메리카노 (500ml),4000,스페셜 블랜딩 원두에 헤이즐넛 시럽을 첨가한 아메리카노 (sweet)
98,내일 마시는 아메리카노,4500,물/얼음 없이 진한 4샷 아메리카노 냉장고에 쟁여뒀다가 다음날 마시기 딱 좋아요~ 고객님의 취향에 따라 얼음컵이나 물에 부어 마시는걸 추천드립니다 :)
98,"레알생딸기라떼 (Ice only, 500ml)",6000,"레알생딸기라떼 (Ice only, 500ml)"
98,"메로나라떼 (Ice only, 500ml)",5000,달달하고 진한맛이 그대로 천상의 맛 메로나 라떼
98,"피나콜라다 (500ml, 논알콜)",5500,카리브해가 생각나는 코코넛&파인애플의 환상의 콜라보레이션
98,"미숫가루쉐이크 (Ice only, 500ml)",6000,17곡 풍미를 가득 담은 고~소하고 달달한 미숫가루 쉐이크
98,밀크티 (500ml),5000,카페아에만의 레시피로 만든 달콤하고 얼그레이 향이 가득한 밀크티
98,녹차라떼 (500ml),5000,고급녹차를 이용하여 깔끔하고 담백한 카페아에만의 녹차라떼
98,오곡라떼 (500ml),5000,다섯가지의 건강한 곡물들로 만든 오곡라떼
98,초코라떼 (500ml),5000,먹으면 행복한 달콤한 초코라떼
98,"아이스티(Ice only, 500ml)",4000,세상에서 제일 시원한 카페아에의 아이스티
98,"콜드브루 (Ice only, 500ml)",5000,신선한 원두를 사용한 콜드브루
98,"사이공라떼 (Ice only, 500ml)",6000,베트남 전통의 커피맛을 가져온 카페아에 시그니처 달콤한 연유라떼
98,"돌체 콜드브루라떼 (Ice only, 500ml)",6000,정말 부드럽고 고급스러운 깊음이 있는 달콤한 라떼
98,"나트랑라떼 (Ice only, 500ml)",6000,베트남 현지의 맛을 느낄수있는 코코넛향이 매력적인 나트랑라떼
98,꿀토마토 주스 (500ml),6000,완숙 토마토와 달콤한 꿀을 같이 갈아 더욱 부드럽고 달콤한 꿀마토 주스~ 숙취 해소 한방에 해결
98,갈아만든 배 주스 (500ml),5500,'숙취 해소'를 위해 탄생한 시~원한 탱크보이맛 배 음료
98,레알 해장 식혜 (500ml),5000,"깊은맛이 나면서 너무 달지 않은, 은은하면서 고급스러운 전통 식혜~"
98,해독 매실차,4500,탁월한 해독작용과 간의 피로를 풀어주는 대표적인 알칼리 음료
98,레몬에이드 (500ml),5500,레몬특유의 상큼함과 달콤함이 살아있는 레몬에이드
98,블루베리에이드 (500ml),5500,향긋한 블루베리향과 톡쏘는 탄산이 만난 블루베리에이드
98,플레인요거트스무디 (500ml),5500,구름처럼 달콤하고 시원한 플레인스무디
98,"디카페인 콜드브루 (Ice only, 500ml)",5500,신선한 원두를 사용한 콜드브루
98,딸기요거트스무디 (500ml),5500,달콤한 딸기와 요거트가 만났다 딸기스무디
98,블루베리요거트스무디 (500ml),5500,향긋한블루베리와 요거트가 만났다 블루베리스무디
98,망고요거트스무디 (500ml),5500,열대과일 망고와 요거트가 만났다 망고스무디
98,키위요거트스무디 (500ml),5500,새콤달콤 키위와 요거트가 만났다 키위스무디
98,유자차 (500ml),4500,향긋함과 달콤함의 조화 ~ 유자가 껍질째 갈려 있어 술술 마시기 좋아요
98,레몬차 (500ml),4500,수제청으로 만들어 더욱 맛있는 레몬차
98,자몽차 (500ml),4500,수제청으로 만들어 더욱 맛있는 자몽차
98,카모마일 (500ml),4000,꽃향을 중심으로 은은함이 퍼지는 대중적인 허브티
98,얼그레이 (500ml),4000,홍차의 대표 얼그레이 티
98,페퍼민트 (500ml),4000,깔끔하고 향긋한 페퍼민트 티
98,카페라떼 (500ml),4500,깊은 풍미와 바디감을 가진 스페셜 블랜딩 원두를 사용한 카페아에만의 카페라떼
98,말렌카 꿀케이크(호두),6000,깊고 진한 꿀케이크에 고소한 월넛의 향과 식감이 더해진 유럽 왕실 디저트
98,말렌카 꿀케이크(코코아),6000,"쫀득쫀득한 허니도우와 고소한 캐러멜 크림, 리얼 코코아의 맛"
98,앙버터 호두과자 (8p),7000,버터와 호두과자가 만났다 호두과자의 풍미를 더욱 살려주는 '앙~호두과자'
98,앙버터 호두과자 (5p),4500,버터와 호두과자가 만났다 호두과자의 풍미를 더욱 살려주는 '앙~호두과자'
98,감태 오란다,3000,(견과류 및 곡물 건과일에 대한 알러지가 있으신 분은 섭취를 피해주세요)
98,'효소한끼' 다이어트 쉐이크(500ml),5000,한의사가 개발에 참여하고 필수 영양성분 및 효소까지 갖춘 건강한 다이어트 식사대용 쉐이크 '효소한끼'
98,자색고구마라떼,5000,보랏빛 비주얼에 진한 고구마 맛으로 취향 제대로 저격인 달달한라떼
98,떠먹는 뉴욕치즈 케이크,7000,뉴욕스타일의 찐한 치즈향이 느껴지는 케이크
98,아이스 홍시,6500,사르르 녹는 식감과 입에 넣자마자 퍼지는 홍시의 달콤함이 일품인 아이스홍시!
98,꿀밤라떼,6000,고소한 밤의 풍미와 꿀의 진한 달콤함을 느낄 수 있는 '꿀밤라떼'
98,헤이즐넛 라떼 (500ml),5000,스페셜 블랜딩 원두에 헤이즐넛 시럽을 첨가한 라떼
98,말렌카 페스츄리,6500,달콤한 크림과 벌꿀이 들어간 바삭바삭한 식감의 리얼 퍼프페스츄리 나폴레옹
98,사이공 라떼 (HOT),6000,베트남 전통의 커피맛을 가져온 카페아에 시그니처 달콤한 따뜻한 연유라떼
98,코코넛 스무디,5500,코코넛 밀크를 넣고 갈아 만든 진한 맛과 풍부한 향의 코코넛쉐이크
98,청귤 민트티,5500,청귤의 상큼함과 페퍼민트의 청량함을 한잔에 담은 청귤민트티!
98,빠삐코  쉐이크,5500,"모두가 아는 추억의 그맛, 국민 아이스크림  빠삐코를 쉐이크로 만나보세요"
98,아이스크림 라떼  (Ice only & 500ml),6000,달달한 바닐라 아이스크림과 진하고 풍부한 에스프레소를 한잔에 담아 더 부드럽고 달콤한 아이스크림 라떼
98,유자에이드,5500,향긋한 유자와 톡! 쏘는 탄산의 만남!
98,오레오 케이크,6000,진한 다크 초콜렛 시트 사이에 오레오 크림을 샌드 부드러운 생크림을 더한 쿠키 앤 크림 케익
98,돼지바쉐이크,6500,바삭한 오레오 쿠키와 새콤달콤한 딸기청이 함께~시원달콤하게 즐길 수 있는 '돼지바쉐이크'
98,당근케이크,6000,정성스럽게 쌓아 올린 꾸덕한 시트 속 크림치즈와 당근& 호두의 조화
98,바닐라라떼 (500ml),5000,스페셜 블랜딩 원두에 바닐라 시럽을 첨가한 라떼
98,오렌지자몽에이드,6300,달콤한 오렌지에 쌉싸름한 자몽이 더해져 더욱더 상콤 달달하게 즐길 수 있는 에이드
98,밀크쉐이크,6000,진한 우유의 맛이 어우러진 달달한 밀크쉐이크
98,커피쉐이크,6000,더위를 사냥하는 맛! 커피쉐이크로 시원하게 더위를 사냥해보세요~!
98,메로나쉐이크,6000,올 때 메로나~ 아이스크림보다 시원하고 더 맛있게 즐겨보세요~!
98,햄치즈 샌드위치 단품,3500,햄치즈와 고구마무스의 단짠조합. 부드러운 모닝빵 피클을 한입씩 맛보며 조화로움을 더해주는 샌드위치
98,햄치즈 샌드위치 세트,6500,햄치즈와 고구마무스의 단짠조합. 부드러운 모닝빵 피클을 한입씩 맛보며 조화로움을 더해주는 샌드위치
98,떠먹는 티라미수,7500,마스카포네 치즈 크림과 진한 에스프레소가 촉촉하게 어우러진 이탈리안 떠먹는 무스 케이크
98,카페모카 (500ml),5500,스페셜 블랜딩 원두에 초코시럽을 첨가한 카페모카
98,카라멜마끼아또 (500ml),5500,스페셜 블랜딩 원두에 카라멜 시럽을 첨가한 카라멜 마끼야또
98,레알 꿀라떼,5500,국내산 벌꿀의 진~한 향과 맛의 '레알 꿀라떼'
99,한우소곱창,20000,국내산 한우 고소한곱맛이 일품입니다.
99,한우 소대창,17000,톡톡터지는 고소한 한우대창
99,김치콩나물국밥,7000,
99,계란찜,3000,
99,염통,12000,
99,간천엽,12000,
99,한우곱창전골세트,35000,한우곱창전골+ 육회100g
99,육모세트,42000,한우곱창모듬 400g + 한우육회100g
99,육곱세트,45000,한우소곱창 400g + 육회 100g
99,특양구이,20000,
99,김치볶음밥,3000,
99,소주,4000,
99,소 막창,17000,
99,맥주,4000,
99,음료,2000,
99,모듬곱창,17000,한우곱창+막창+대창+염통
99,양곱창모듬,18000,특양+한우곱창+막창+대창+염통
99,한우곱창전골,30000,인기메뉴! 푸짐하고얼큰한 곱창전골
99,육회한접시,17000,한우육회
99,미니육회,12000,한우육회100g
99,한우곱창 해장국,10000,
99,한우육회비빔밥,10000,
